Age,Income,Usage,Pain,Product,Spending,Purchase
24,80000,Occasional,Quality,Foundation,3358,0
37,120000,Occasional,Shade,Kajal,3518,0
46,40000,Occasional,Quality,Foundation,2090,0
32,120000,Weekly,Quality,Blush,583,1
28,120000,Weekly,Shade,Kajal,512,1
25,80000,Weekly,Quality,Concealer,1958,1
46,120000,Occasional,Price,Lipstick,2041,0
38,80000,Weekly,Shade,Foundation,1228,1
24,20000,Daily,Price,Concealer,1051,0
43,20000,Daily,Shade,Blush,1717,0
36,80000,Weekly,Quality,Lipstick,2686,1
40,20000,Daily,Quality,Concealer,2121,0
28,40000,Daily,Quality,Lipstick,1345,0
28,120000,Occasional,Shade,Foundation,2094,0
41,40000,Weekly,Price,Blush,2192,0
38,120000,Weekly,Price,Lipstick,404,1
21,20000,Occasional,Shade,Concealer,1789,0
25,40000,Daily,Shade,Foundation,1782,0
41,20000,Daily,Price,Foundation,1755,0
20,120000,Weekly,Price,Concealer,1069,1
39,80000,Daily,Price,Concealer,3063,1
38,80000,Occasional,Price,Lipstick,3990,0
19,40000,Occasional,Shade,Kajal,3110,0
41,20000,Weekly,Shade,Foundation,2259,0
29,20000,Occasional,Quality,Lipstick,2327,0
47,40000,Occasional,Price,Concealer,3592,0
23,80000,Weekly,Quality,Lipstick,678,1
19,120000,Occasional,Shade,Concealer,3593,0
49,40000,Occasional,Shade,Blush,3629,0
45,120000,Occasional,Quality,Concealer,1012,0
38,80000,Daily,Price,Concealer,3738,1
18,20000,Weekly,Price,Concealer,1672,0
29,80000,Weekly,Price,Kajal,524,1
43,40000,Weekly,Price,Concealer,2037,0
39,20000,Daily,Quality,Foundation,1037,0
46,40000,Daily,Quality,Foundation,535,0
29,40000,Weekly,Shade,Lipstick,482,0
42,80000,Daily,Price,Kajal,1011,1
34,40000,Weekly,Price,Lipstick,2192,0
44,80000,Daily,Price,Foundation,2791,1
44,20000,Occasional,Quality,Foundation,2188,0
48,80000,Occasional,Price,Blush,922,0
27,20000,Weekly,Quality,Concealer,3377,0
49,80000,Daily,Price,Foundation,1559,1
45,120000,Daily,Price,Lipstick,1450,1
45,120000,Occasional,Shade,Lipstick,3475,0
33,40000,Occasional,Price,Concealer,1048,0
32,80000,Daily,Price,Concealer,3851,1
47,80000,Daily,Shade,Blush,2502,1
47,20000,Daily,Quality,Kajal,2604,0
32,40000,Daily,Quality,Lipstick,2582,0
47,80000,Daily,Price,Concealer,2847,1
36,40000,Daily,Quality,Lipstick,2636,0
29,120000,Weekly,Price,Concealer,809,1
40,80000,Daily,Shade,Foundation,1875,1
37,80000,Occasional,Shade,Lipstick,2123,0
49,40000,Weekly,Price,Foundation,3056,0
42,80000,Daily,Shade,Lipstick,1084,1
20,40000,Occasional,Shade,Kajal,3241,0
22,80000,Weekly,Price,Blush,3123,1
36,20000,Occasional,Price,Foundation,3940,0
24,40000,Daily,Shade,Concealer,2645,0
38,80000,Daily,Quality,Kajal,3981,1
26,120000,Daily,Quality,Lipstick,436,1
24,80000,Daily,Price,Foundation,2723,1
35,120000,Weekly,Price,Lipstick,2434,1
21,120000,Weekly,Quality,Lipstick,3790,1
42,20000,Occasional,Shade,Lipstick,2077,0
45,40000,Daily,Quality,Blush,1522,0
31,80000,Occasional,Quality,Blush,3834,0
35,20000,Weekly,Quality,Concealer,2784,0
43,80000,Daily,Quality,Foundation,1633,1
26,120000,Daily,Price,Kajal,3967,1
43,40000,Weekly,Price,Kajal,2077,0
38,80000,Weekly,Shade,Kajal,1604,1
19,80000,Weekly,Shade,Lipstick,3694,1
37,120000,Weekly,Shade,Blush,1063,1
45,80000,Weekly,Shade,Foundation,1001,1
32,80000,Daily,Quality,Lipstick,3289,1
45,120000,Weekly,Price,Blush,451,1
24,20000,Daily,Price,Blush,1625,0
29,120000,Daily,Shade,Foundation,1601,1
46,20000,Weekly,Shade,Foundation,2011,0
25,40000,Weekly,Quality,Foundation,1331,0
32,20000,Daily,Quality,Lipstick,1106,0
20,20000,Weekly,Shade,Concealer,534,0
31,40000,Weekly,Price,Foundation,3022,0
34,20000,Weekly,Price,Concealer,860,0
21,120000,Occasional,Price,Lipstick,1625,0
35,20000,Daily,Shade,Concealer,337,0
25,40000,Occasional,Price,Kajal,1459,0
21,120000,Weekly,Quality,Concealer,3169,1
19,40000,Occasional,Quality,Foundation,720,0
47,40000,Weekly,Shade,Lipstick,1542,0
23,80000,Occasional,Quality,Foundation,647,0
39,80000,Weekly,Shade,Kajal,2131,1
27,40000,Occasional,Price,Foundation,1869,0
21,40000,Occasional,Price,Foundation,3450,0
39,40000,Occasional,Price,Foundation,3095,0
46,80000,Daily,Quality,Blush,2218,1
48,80000,Occasional,Shade,Kajal,2620,0
35,20000,Daily,Price,Foundation,3532,0
43,20000,Weekly,Shade,Foundation,2201,0
29,40000,Occasional,Price,Foundation,2655,0
19,120000,Weekly,Quality,Lipstick,1697,1
27,120000,Weekly,Quality,Blush,3323,1
47,80000,Occasional,Shade,Lipstick,3080,0
21,80000,Daily,Quality,Blush,3380,1
31,80000,Occasional,Quality,Foundation,2124,0
48,40000,Weekly,Shade,Kajal,2791,0
33,120000,Weekly,Price,Concealer,3484,1
32,20000,Occasional,Quality,Concealer,1528,0
25,40000,Daily,Shade,Foundation,704,0
31,20000,Daily,Quality,Lipstick,2021,0
40,20000,Weekly,Quality,Kajal,3200,0
45,40000,Weekly,Quality,Blush,1520,0
42,20000,Daily,Quality,Foundation,3125,0
47,120000,Occasional,Shade,Kajal,414,0
25,20000,Weekly,Shade,Kajal,3492,0
38,120000,Daily,Shade,Blush,1976,1
33,120000,Weekly,Quality,Kajal,364,1
30,120000,Occasional,Quality,Lipstick,1599,0
35,80000,Daily,Quality,Lipstick,1124,1
32,20000,Weekly,Shade,Lipstick,2586,0
38,40000,Occasional,Quality,Kajal,2649,0
41,40000,Weekly,Price,Lipstick,1715,0
43,20000,Occasional,Quality,Blush,3893,0
42,80000,Occasional,Price,Kajal,1268,0
45,80000,Daily,Quality,Concealer,668,1
45,120000,Occasional,Shade,Kajal,532,0
45,20000,Weekly,Quality,Blush,2542,0
30,20000,Occasional,Price,Concealer,1206,0
26,40000,Occasional,Price,Kajal,3383,0
46,20000,Daily,Quality,Lipstick,1220,0
32,80000,Occasional,Price,Foundation,988,0
30,20000,Occasional,Price,Foundation,476,0
18,40000,Weekly,Shade,Lipstick,2564,0
42,120000,Daily,Quality,Foundation,1334,1
24,40000,Daily,Quality,Foundation,1769,0
26,40000,Daily,Quality,Lipstick,929,0
41,120000,Occasional,Price,Lipstick,463,0
18,40000,Daily,Quality,Kajal,3922,0
29,40000,Occasional,Quality,Kajal,2400,0
25,20000,Occasional,Shade,Lipstick,2565,0
41,20000,Weekly,Shade,Blush,3346,0
48,120000,Weekly,Shade,Foundation,1123,1
28,20000,Weekly,Price,Kajal,3731,0
36,20000,Weekly,Quality,Foundation,2732,0
34,40000,Weekly,Shade,Concealer,355,0
25,80000,Occasional,Shade,Lipstick,417,0
20,20000,Occasional,Shade,Blush,3247,0
20,80000,Daily,Quality,Concealer,3624,1
18,20000,Occasional,Quality,Concealer,1097,0
44,20000,Occasional,Quality,Concealer,1079,0
22,120000,Weekly,Price,Lipstick,3363,1
27,120000,Occasional,Price,Kajal,3150,0
24,120000,Weekly,Shade,Lipstick,3192,1
43,80000,Daily,Quality,Kajal,3551,1
26,40000,Daily,Shade,Concealer,1738,0
45,20000,Occasional,Quality,Concealer,2193,0
24,20000,Daily,Quality,Blush,3606,0
26,20000,Occasional,Quality,Kajal,3202,0
25,80000,Daily,Price,Concealer,1007,1
29,120000,Weekly,Price,Foundation,1403,1
19,40000,Weekly,Quality,Blush,321,0
18,80000,Weekly,Shade,Lipstick,1800,1
33,120000,Weekly,Quality,Blush,1142,1
40,80000,Occasional,Quality,Foundation,3811,0
40,40000,Daily,Shade,Kajal,2060,0
47,120000,Occasional,Quality,Lipstick,3941,0
41,80000,Weekly,Shade,Lipstick,1416,1
22,40000,Occasional,Price,Kajal,491,0
20,20000,Daily,Price,Blush,1318,0
29,40000,Occasional,Shade,Concealer,1426,0
25,20000,Daily,Price,Blush,695,0
39,80000,Occasional,Price,Foundation,3378,0
44,120000,Daily,Shade,Concealer,2987,1
20,120000,Daily,Price,Blush,1318,1
18,80000,Weekly,Quality,Kajal,866,1
20,120000,Daily,Quality,Foundation,530,1
22,120000,Weekly,Shade,Foundation,1173,1
32,20000,Weekly,Price,Foundation,2921,0
31,80000,Weekly,Quality,Concealer,539,1
20,40000,Occasional,Quality,Lipstick,389,0
18,20000,Occasional,Price,Concealer,2579,0
22,80000,Occasional,Price,Blush,756,0
43,20000,Occasional,Quality,Lipstick,2580,0
40,40000,Daily,Quality,Blush,653,0
48,40000,Daily,Shade,Lipstick,1304,0
31,80000,Occasional,Shade,Concealer,1656,0
24,40000,Daily,Quality,Foundation,738,0
44,20000,Daily,Shade,Kajal,1698,0
26,40000,Weekly,Quality,Foundation,3663,0
32,20000,Weekly,Quality,Concealer,644,0
32,20000,Weekly,Shade,Lipstick,3011,0
43,40000,Weekly,Shade,Foundation,3799,0
27,80000,Daily,Price,Concealer,956,1
45,120000,Occasional,Price,Blush,2477,0
30,40000,Daily,Price,Kajal,2488,0
36,20000,Daily,Quality,Foundation,2762,0
48,20000,Daily,Shade,Lipstick,1416,0
49,40000,Weekly,Quality,Blush,925,0
24,80000,Weekly,Shade,Concealer,583,1
34,80000,Weekly,Quality,Kajal,2279,1
37,20000,Occasional,Price,Lipstick,1978,0
46,20000,Daily,Price,Concealer,522,0
49,80000,Occasional,Price,Concealer,1043,0
21,120000,Weekly,Quality,Foundation,762,1
47,40000,Occasional,Shade,Foundation,1868,0
22,20000,Daily,Shade,Lipstick,3647,0
40,20000,Daily,Price,Concealer,2005,0
24,80000,Weekly,Price,Foundation,1463,1
30,40000,Weekly,Price,Kajal,2704,0
32,80000,Occasional,Price,Kajal,2036,0
28,40000,Weekly,Shade,Concealer,1346,0
46,40000,Weekly,Quality,Foundation,3641,0
21,40000,Daily,Quality,Lipstick,3206,0
30,20000,Weekly,Quality,Lipstick,964,0
49,120000,Weekly,Quality,Lipstick,1656,1
24,80000,Daily,Price,Kajal,1314,1
44,120000,Daily,Price,Foundation,2432,1
36,80000,Occasional,Price,Foundation,2968,0
39,40000,Weekly,Quality,Kajal,1354,0
45,20000,Daily,Price,Lipstick,2064,0
19,120000,Occasional,Price,Lipstick,2587,0
27,20000,Occasional,Shade,Concealer,2213,0
30,80000,Weekly,Shade,Blush,662,1
47,20000,Weekly,Price,Foundation,3169,0
42,20000,Occasional,Shade,Foundation,1712,0
38,120000,Daily,Shade,Foundation,967,1
23,40000,Occasional,Price,Blush,3670,0
45,20000,Weekly,Price,Concealer,2180,0
45,40000,Daily,Price,Blush,1694,0
29,80000,Daily,Price,Lipstick,398,1
29,20000,Occasional,Quality,Lipstick,2394,0
37,120000,Weekly,Quality,Foundation,3186,1
47,80000,Occasional,Price,Kajal,721,0
47,80000,Occasional,Shade,Foundation,1803,0
28,120000,Occasional,Price,Kajal,3950,0
49,20000,Daily,Price,Blush,361,0
43,20000,Daily,Shade,Lipstick,1432,0
40,80000,Weekly,Quality,Kajal,2002,1
45,20000,Weekly,Price,Blush,3920,0
42,40000,Occasional,Price,Lipstick,3490,0
24,120000,Occasional,Quality,Kajal,3357,0
47,40000,Occasional,Quality,Foundation,897,0
18,20000,Weekly,Shade,Foundation,3753,0
18,80000,Daily,Quality,Foundation,691,1
42,120000,Daily,Quality,Blush,3324,1
44,20000,Occasional,Quality,Foundation,1375,0
47,20000,Occasional,Shade,Concealer,2950,0
42,80000,Occasional,Quality,Lipstick,1612,0
37,80000,Occasional,Quality,Blush,2329,0
30,40000,Weekly,Shade,Foundation,2684,0
26,120000,Daily,Quality,Lipstick,1109,1
20,120000,Occasional,Quality,Kajal,3575,0
24,80000,Weekly,Shade,Foundation,3609,1
23,40000,Occasional,Price,Lipstick,1705,0
25,120000,Occasional,Shade,Concealer,3099,0
44,80000,Daily,Quality,Kajal,1459,1
26,20000,Occasional,Quality,Concealer,3778,0
47,120000,Daily,Quality,Lipstick,1831,1
22,40000,Daily,Shade,Concealer,1685,0
18,40000,Daily,Quality,Lipstick,3752,0
36,40000,Weekly,Quality,Lipstick,1180,0
27,20000,Weekly,Shade,Concealer,1899,0
29,120000,Daily,Price,Lipstick,2982,1
41,120000,Occasional,Price,Foundation,553,0
32,20000,Daily,Quality,Lipstick,3848,0
44,120000,Occasional,Shade,Blush,3485,0
39,20000,Daily,Quality,Lipstick,2367,0
49,20000,Occasional,Shade,Blush,2875,0
49,20000,Weekly,Shade,Lipstick,1468,0
41,40000,Occasional,Price,Lipstick,1531,0
26,120000,Daily,Price,Concealer,3902,1
37,20000,Weekly,Shade,Foundation,2723,0
34,120000,Occasional,Quality,Foundation,3875,0
47,40000,Occasional,Price,Kajal,465,0
34,20000,Occasional,Quality,Concealer,1873,0
43,80000,Occasional,Price,Concealer,3552,0
37,40000,Occasional,Price,Foundation,3208,0
29,80000,Weekly,Quality,Concealer,916,1
47,120000,Weekly,Price,Foundation,2959,1
24,120000,Weekly,Price,Concealer,1925,1
19,40000,Weekly,Quality,Lipstick,3815,0
20,120000,Daily,Price,Foundation,3703,1
34,80000,Weekly,Price,Foundation,802,1
22,20000,Occasional,Price,Blush,1212,0
34,20000,Occasional,Quality,Concealer,2426,0
41,20000,Weekly,Shade,Concealer,884,0
34,40000,Occasional,Quality,Foundation,2258,0
44,120000,Weekly,Shade,Lipstick,3035,1
34,80000,Occasional,Price,Lipstick,695,0
19,120000,Daily,Shade,Lipstick,1931,1
19,120000,Daily,Quality,Concealer,2180,1
45,120000,Weekly,Quality,Blush,3474,1
39,20000,Weekly,Price,Foundation,701,0
40,80000,Weekly,Shade,Kajal,1274,1
22,80000,Occasional,Price,Blush,523,0
49,120000,Weekly,Price,Kajal,817,1
18,20000,Daily,Quality,Blush,2981,0
18,20000,Occasional,Shade,Lipstick,535,0
36,80000,Weekly,Shade,Concealer,3798,1
47,20000,Occasional,Shade,Kajal,415,0
19,20000,Occasional,Shade,Blush,3534,0
38,20000,Weekly,Price,Concealer,525,0
29,40000,Occasional,Price,Kajal,2577,0
43,120000,Daily,Quality,Foundation,481,1
49,80000,Daily,Price,Blush,3620,1
23,80000,Occasional,Price,Foundation,1641,0
49,40000,Weekly,Quality,Lipstick,509,0
40,120000,Occasional,Quality,Foundation,1715,0
21,80000,Daily,Quality,Foundation,2443,1
40,20000,Occasional,Price,Blush,1193,0
28,80000,Occasional,Price,Lipstick,2181,0
41,20000,Daily,Quality,Foundation,3103,0
44,40000,Occasional,Quality,Concealer,1409,0
34,20000,Occasional,Quality,Kajal,2762,0
48,80000,Weekly,Price,Foundation,2326,1
23,80000,Weekly,Price,Lipstick,693,1
41,80000,Daily,Shade,Foundation,3043,1
22,40000,Daily,Price,Kajal,1143,0
37,40000,Daily,Price,Lipstick,1824,0
19,120000,Weekly,Price,Blush,903,1
23,80000,Daily,Quality,Lipstick,881,1
39,20000,Daily,Price,Blush,2342,0
28,40000,Daily,Quality,Lipstick,2239,0
48,80000,Weekly,Shade,Kajal,432,1
33,80000,Occasional,Shade,Kajal,3138,0
33,40000,Daily,Quality,Lipstick,2996,0
18,120000,Occasional,Quality,Foundation,3685,0
26,40000,Daily,Quality,Kajal,2568,0
45,40000,Occasional,Price,Blush,1275,0
44,20000,Weekly,Shade,Blush,3809,0
23,20000,Weekly,Quality,Concealer,3417,0
33,120000,Daily,Price,Blush,2113,1
46,80000,Occasional,Shade,Concealer,3563,0
20,40000,Weekly,Price,Lipstick,1843,0
37,120000,Daily,Shade,Lipstick,3750,1
45,20000,Daily,Price,Lipstick,3135,0
44,40000,Weekly,Shade,Foundation,3038,0
21,80000,Weekly,Shade,Foundation,1657,1
36,20000,Daily,Price,Concealer,338,0
43,20000,Occasional,Quality,Blush,1616,0
20,20000,Occasional,Shade,Blush,3037,0
48,120000,Occasional,Quality,Lipstick,461,0
36,80000,Daily,Price,Kajal,3702,1
37,40000,Weekly,Quality,Foundation,2209,0
49,120000,Daily,Quality,Foundation,1427,1
24,120000,Weekly,Quality,Lipstick,2508,1
37,120000,Occasional,Quality,Foundation,1958,0
26,20000,Occasional,Quality,Lipstick,3425,0
18,80000,Weekly,Shade,Concealer,2263,1
25,120000,Weekly,Shade,Blush,1357,1
49,40000,Daily,Shade,Kajal,2589,0
24,80000,Occasional,Price,Blush,1266,0
35,40000,Daily,Quality,Blush,1189,0
25,80000,Daily,Shade,Concealer,2460,1
18,40000,Daily,Price,Foundation,3361,0
28,20000,Occasional,Shade,Kajal,2665,0
45,120000,Daily,Shade,Foundation,2370,1
42,40000,Daily,Quality,Blush,3929,0
42,80000,Daily,Price,Lipstick,3171,1
35,120000,Daily,Quality,Blush,3489,1
40,120000,Daily,Quality,Foundation,3048,1
48,80000,Daily,Shade,Blush,1966,1
47,40000,Occasional,Quality,Lipstick,3366,0
27,20000,Daily,Price,Concealer,3583,0
20,20000,Weekly,Quality,Foundation,1741,0
24,40000,Daily,Quality,Blush,3484,0
45,120000,Daily,Quality,Foundation,1367,1
33,120000,Occasional,Shade,Concealer,427,0
43,120000,Occasional,Price,Blush,3223,0
33,120000,Weekly,Shade,Blush,457,1
42,40000,Weekly,Shade,Foundation,1126,0
37,120000,Occasional,Shade,Foundation,3765,0
45,80000,Occasional,Shade,Lipstick,2190,0
34,120000,Daily,Shade,Concealer,3199,1
19,20000,Occasional,Price,Lipstick,811,0
18,120000,Weekly,Quality,Blush,2392,1
33,40000,Daily,Shade,Foundation,3479,0
47,20000,Weekly,Shade,Blush,2566,0
29,40000,Daily,Price,Blush,742,0
22,40000,Occasional,Price,Kajal,2662,0
22,20000,Weekly,Quality,Kajal,2524,0
49,40000,Daily,Price,Blush,2575,0
44,40000,Daily,Quality,Foundation,2026,0
40,120000,Occasional,Shade,Blush,2306,0
26,80000,Occasional,Shade,Kajal,1995,0
26,40000,Occasional,Quality,Foundation,566,0
20,40000,Weekly,Price,Blush,3217,0
36,40000,Daily,Quality,Concealer,1137,0
33,120000,Occasional,Price,Concealer,3750,0
33,80000,Weekly,Shade,Blush,788,1
20,20000,Weekly,Price,Foundation,1001,0
37,120000,Weekly,Quality,Blush,986,1
41,120000,Occasional,Quality,Blush,3661,0
39,80000,Occasional,Shade,Kajal,1295,0
41,80000,Daily,Price,Concealer,656,1
18,120000,Daily,Price,Kajal,1171,1
41,20000,Occasional,Price,Kajal,2273,0
37,120000,Weekly,Shade,Blush,2551,1
28,80000,Weekly,Price,Kajal,3584,1
34,20000,Weekly,Quality,Concealer,851,0
25,80000,Daily,Price,Kajal,2110,1
21,20000,Weekly,Shade,Concealer,622,0
23,40000,Daily,Price,Kajal,2941,0
25,80000,Daily,Price,Concealer,2528,1
37,80000,Weekly,Quality,Kajal,2846,1
47,120000,Weekly,Price,Kajal,3691,1
20,80000,Occasional,Quality,Foundation,382,0
33,80000,Occasional,Quality,Concealer,2650,0
47,40000,Weekly,Shade,Concealer,561,0
42,80000,Daily,Quality,Concealer,1083,1
20,40000,Daily,Quality,Lipstick,1523,0
42,40000,Daily,Shade,Kajal,3611,0
46,40000,Daily,Quality,Concealer,1213,0
35,40000,Daily,Shade,Lipstick,3039,0
49,20000,Occasional,Price,Foundation,1243,0
31,120000,Weekly,Shade,Concealer,3030,1
35,20000,Occasional,Quality,Concealer,1618,0
19,80000,Daily,Shade,Lipstick,1835,1
39,20000,Daily,Quality,Kajal,988,0
20,20000,Daily,Price,Foundation,2743,0
33,80000,Daily,Shade,Concealer,2072,1
46,80000,Weekly,Price,Kajal,3509,1
26,80000,Daily,Quality,Foundation,1138,1
21,20000,Weekly,Quality,Blush,1177,0
18,20000,Daily,Price,Blush,3170,0
21,80000,Weekly,Shade,Foundation,3500,1
18,120000,Occasional,Shade,Lipstick,348,0
31,120000,Daily,Quality,Foundation,3136,1
38,40000,Weekly,Price,Foundation,592,0
33,80000,Occasional,Price,Lipstick,1951,0
37,40000,Daily,Shade,Lipstick,835,0
41,120000,Daily,Shade,Kajal,610,1
49,40000,Daily,Shade,Kajal,836,0
25,80000,Weekly,Price,Lipstick,2226,1
24,80000,Weekly,Shade,Blush,2986,1
20,80000,Occasional,Shade,Blush,533,0
34,20000,Weekly,Quality,Foundation,1532,0
49,40000,Weekly,Shade,Concealer,2952,0
18,120000,Daily,Shade,Foundation,2441,1
33,120000,Daily,Price,Foundation,2674,1
29,120000,Daily,Price,Concealer,2572,1
44,20000,Daily,Quality,Lipstick,1266,0
36,20000,Daily,Shade,Blush,1189,0
39,80000,Daily,Quality,Foundation,2358,1
40,120000,Daily,Price,Concealer,3700,1
39,20000,Occasional,Quality,Kajal,3383,0
31,80000,Occasional,Price,Foundation,334,0
47,120000,Occasional,Quality,Blush,746,0
23,40000,Occasional,Quality,Lipstick,3823,0
23,80000,Daily,Shade,Foundation,2063,1
30,20000,Occasional,Quality,Foundation,3591,0
36,20000,Daily,Shade,Concealer,2788,0
39,80000,Occasional,Shade,Kajal,3000,0
25,80000,Weekly,Shade,Kajal,1858,1
44,20000,Occasional,Shade,Lipstick,894,0
44,40000,Occasional,Quality,Blush,2325,0
19,120000,Daily,Price,Lipstick,2576,1
38,40000,Occasional,Price,Foundation,643,0
47,80000,Weekly,Price,Foundation,1403,1
18,40000,Daily,Quality,Kajal,3724,0
45,20000,Daily,Shade,Blush,1719,0
32,80000,Occasional,Price,Concealer,1613,0
49,120000,Daily,Quality,Blush,1778,1
18,20000,Daily,Shade,Foundation,3336,0
22,20000,Daily,Price,Concealer,1451,0
45,120000,Daily,Shade,Blush,3256,1
46,120000,Daily,Price,Blush,3914,1
33,40000,Daily,Price,Concealer,2221,0
36,80000,Weekly,Price,Foundation,1682,1
21,120000,Occasional,Shade,Blush,2874,0
20,120000,Weekly,Quality,Concealer,3684,1
49,80000,Daily,Shade,Foundation,2422,1
34,120000,Daily,Price,Concealer,1869,1
49,120000,Occasional,Shade,Concealer,2194,0
34,40000,Weekly,Quality,Blush,2543,0
29,20000,Occasional,Shade,Foundation,2166,0
45,20000,Weekly,Quality,Blush,328,0
47,20000,Daily,Quality,Lipstick,1005,0
46,20000,Occasional,Shade,Lipstick,1320,0
31,120000,Occasional,Price,Foundation,2363,0
38,80000,Daily,Quality,Concealer,1746,1
23,80000,Occasional,Shade,Blush,3960,0
20,40000,Weekly,Quality,Blush,3152,0
45,40000,Weekly,Price,Foundation,3964,0
26,120000,Weekly,Shade,Foundation,3776,1
22,80000,Weekly,Shade,Lipstick,3287,1
41,80000,Daily,Shade,Kajal,1959,1
46,20000,Occasional,Price,Foundation,3902,0
34,120000,Weekly,Quality,Kajal,1266,1
31,120000,Daily,Shade,Foundation,3985,1
38,20000,Occasional,Quality,Concealer,3448,0
48,120000,Occasional,Quality,Concealer,2576,0
20,120000,Daily,Price,Lipstick,3309,1
45,40000,Daily,Shade,Lipstick,3668,0
18,80000,Weekly,Quality,Kajal,3881,1
37,120000,Occasional,Shade,Foundation,3062,0
48,40000,Occasional,Shade,Blush,3331,0
46,80000,Daily,Price,Lipstick,872,1
38,20000,Occasional,Shade,Blush,3909,0
49,40000,Weekly,Shade,Blush,1906,0
40,40000,Occasional,Quality,Foundation,914,0
18,80000,Daily,Price,Kajal,625,1
49,20000,Daily,Shade,Foundation,3734,0
20,40000,Weekly,Quality,Lipstick,3222,0
49,120000,Weekly,Price,Blush,658,1
35,120000,Occasional,Price,Foundation,2110,0
42,120000,Occasional,Quality,Foundation,2671,0
27,20000,Daily,Quality,Foundation,2021,0
48,40000,Weekly,Quality,Lipstick,1649,0
39,120000,Weekly,Quality,Kajal,3996,1
43,20000,Weekly,Quality,Foundation,464,0
20,120000,Occasional,Shade,Lipstick,1896,0
25,80000,Weekly,Shade,Blush,1927,1
31,40000,Daily,Price,Concealer,3145,0
41,40000,Daily,Shade,Lipstick,2802,0
35,20000,Occasional,Shade,Concealer,1476,0
49,20000,Occasional,Shade,Foundation,1450,0
32,40000,Weekly,Quality,Foundation,492,0
39,120000,Occasional,Price,Lipstick,2974,0
40,120000,Daily,Price,Concealer,2877,1
19,80000,Weekly,Price,Foundation,3381,1
48,120000,Daily,Price,Blush,391,1
44,20000,Weekly,Shade,Kajal,438,0
27,20000,Occasional,Shade,Kajal,780,0
19,120000,Weekly,Quality,Foundation,2796,1
43,20000,Weekly,Price,Concealer,1656,0
34,40000,Daily,Shade,Foundation,3216,0
25,40000,Daily,Shade,Concealer,639,0
18,120000,Weekly,Quality,Blush,1375,1
26,40000,Occasional,Quality,Concealer,2813,0
28,40000,Occasional,Quality,Foundation,3065,0
39,80000,Daily,Shade,Blush,1098,1
33,80000,Occasional,Shade,Lipstick,774,0
24,40000,Daily,Quality,Kajal,2748,0
46,120000,Occasional,Price,Foundation,1762,0
27,80000,Weekly,Quality,Foundation,904,1
40,20000,Daily,Quality,Foundation,3279,0
43,20000,Daily,Quality,Blush,3344,0
20,20000,Weekly,Quality,Lipstick,3269,0
35,120000,Daily,Shade,Concealer,1120,1
42,40000,Occasional,Price,Lipstick,3004,0
41,20000,Occasional,Quality,Blush,897,0
30,120000,Daily,Price,Foundation,1832,1
45,80000,Occasional,Price,Kajal,3524,0
43,40000,Daily,Price,Foundation,813,0
24,80000,Weekly,Quality,Concealer,1826,1
42,120000,Daily,Shade,Kajal,2177,1
21,20000,Weekly,Quality,Foundation,1999,0
30,20000,Occasional,Price,Kajal,1329,0
37,120000,Weekly,Price,Lipstick,799,1
18,20000,Occasional,Shade,Blush,1984,0
25,40000,Daily,Quality,Foundation,1016,0
49,120000,Occasional,Price,Concealer,1441,0
31,80000,Daily,Shade,Lipstick,1808,1
33,120000,Daily,Price,Foundation,2948,1
31,40000,Weekly,Shade,Lipstick,965,0
29,40000,Weekly,Shade,Concealer,2815,0
36,120000,Weekly,Quality,Foundation,2508,1
40,120000,Weekly,Price,Concealer,2617,1
32,20000,Occasional,Quality,Kajal,1379,0
45,40000,Occasional,Price,Concealer,527,0
19,120000,Occasional,Quality,Kajal,3196,0
19,120000,Daily,Price,Foundation,448,1
49,40000,Occasional,Quality,Kajal,1369,0
40,120000,Occasional,Shade,Foundation,1467,0
48,20000,Occasional,Price,Foundation,931,0
39,40000,Weekly,Price,Blush,1663,0
36,20000,Occasional,Shade,Foundation,712,0
42,20000,Daily,Quality,Kajal,2055,0
43,20000,Weekly,Price,Blush,819,0
48,20000,Daily,Price,Blush,1667,0
47,40000,Occasional,Quality,Foundation,2734,0
46,20000,Weekly,Shade,Concealer,3844,0
39,20000,Daily,Quality,Concealer,2622,0
43,120000,Occasional,Quality,Blush,2700,0
43,40000,Daily,Quality,Foundation,3437,0
39,40000,Daily,Price,Concealer,1402,0
34,80000,Daily,Shade,Foundation,897,1
37,40000,Occasional,Shade,Foundation,1959,0
27,40000,Occasional,Quality,Blush,3573,0
23,80000,Daily,Price,Blush,1985,1
32,40000,Weekly,Quality,Lipstick,2905,0
39,40000,Weekly,Price,Concealer,2460,0
28,40000,Occasional,Price,Concealer,3462,0
45,40000,Occasional,Price,Concealer,2488,0
22,80000,Occasional,Price,Kajal,3660,0
18,40000,Occasional,Shade,Foundation,2224,0
25,40000,Occasional,Price,Blush,1029,0
38,80000,Weekly,Price,Concealer,888,1
45,120000,Occasional,Quality,Lipstick,2758,0
29,20000,Daily,Quality,Concealer,676,0
29,120000,Daily,Shade,Foundation,1707,1
22,80000,Weekly,Quality,Foundation,2169,1
24,20000,Daily,Price,Blush,3523,0
21,80000,Weekly,Quality,Kajal,1050,1
23,80000,Weekly,Shade,Blush,926,1
30,40000,Daily,Quality,Concealer,3690,0
49,20000,Occasional,Quality,Lipstick,3740,0
37,40000,Daily,Shade,Blush,1929,0
47,20000,Daily,Shade,Kajal,1294,0
32,80000,Weekly,Price,Blush,1883,1
20,80000,Daily,Quality,Foundation,1002,1
40,120000,Weekly,Price,Concealer,2809,1
25,20000,Occasional,Quality,Concealer,2359,0
37,40000,Occasional,Quality,Concealer,1479,0
33,120000,Occasional,Price,Concealer,776,0
30,120000,Daily,Quality,Concealer,3286,1
35,120000,Weekly,Quality,Concealer,700,1
45,40000,Occasional,Quality,Lipstick,3155,0
27,120000,Weekly,Shade,Kajal,2524,1
47,40000,Weekly,Price,Concealer,3712,0
36,120000,Occasional,Shade,Kajal,356,0
34,40000,Occasional,Price,Concealer,2175,0
41,80000,Weekly,Price,Blush,747,1
48,80000,Occasional,Quality,Concealer,502,0
36,80000,Weekly,Price,Foundation,1956,1
45,80000,Weekly,Shade,Lipstick,1037,1
43,80000,Occasional,Shade,Blush,501,0
40,120000,Daily,Shade,Blush,1653,1
43,120000,Occasional,Price,Foundation,2710,0
22,120000,Daily,Shade,Concealer,1191,1
43,40000,Weekly,Price,Lipstick,2801,0
38,40000,Weekly,Shade,Blush,2703,0
47,40000,Daily,Shade,Lipstick,515,0
40,40000,Weekly,Price,Blush,3319,0
48,80000,Daily,Shade,Concealer,2902,1
26,80000,Daily,Quality,Blush,3234,1
29,80000,Weekly,Price,Blush,322,1
38,20000,Daily,Price,Kajal,2502,0
18,120000,Occasional,Price,Concealer,1509,0
43,40000,Occasional,Quality,Foundation,2596,0
43,40000,Weekly,Price,Foundation,1048,0
18,80000,Weekly,Shade,Concealer,1104,1
32,40000,Daily,Shade,Foundation,433,0
19,40000,Daily,Shade,Concealer,620,0
49,120000,Daily,Price,Foundation,2737,1
47,80000,Daily,Shade,Kajal,733,1
39,120000,Occasional,Price,Foundation,1345,0
33,20000,Occasional,Shade,Blush,1172,0
42,20000,Weekly,Quality,Concealer,3971,0
25,20000,Daily,Quality,Lipstick,3496,0
30,80000,Daily,Quality,Lipstick,3450,1
38,40000,Weekly,Quality,Concealer,3205,0
18,80000,Daily,Price,Kajal,2398,1
33,80000,Daily,Shade,Foundation,2523,1
46,40000,Daily,Quality,Kajal,3217,0
24,120000,Daily,Price,Lipstick,552,1
49,20000,Daily,Quality,Concealer,1265,0
48,120000,Weekly,Quality,Concealer,3617,1
22,20000,Daily,Price,Kajal,1038,0
39,80000,Weekly,Price,Kajal,1429,1
46,20000,Daily,Shade,Foundation,3564,0
40,80000,Occasional,Shade,Blush,1639,0
20,120000,Occasional,Quality,Blush,601,0
29,80000,Occasional,Quality,Foundation,2895,0
43,120000,Occasional,Shade,Blush,2277,0
33,40000,Weekly,Shade,Lipstick,3063,0
36,40000,Weekly,Price,Blush,3126,0
22,40000,Daily,Shade,Foundation,2615,0
39,80000,Occasional,Shade,Blush,3541,0
42,40000,Weekly,Quality,Concealer,3357,0
46,20000,Daily,Shade,Kajal,850,0
31,120000,Daily,Quality,Lipstick,1778,1
45,120000,Weekly,Shade,Concealer,1615,1
22,20000,Occasional,Price,Concealer,1887,0
32,80000,Daily,Shade,Foundation,2122,1
34,80000,Occasional,Shade,Kajal,2124,0
47,120000,Occasional,Shade,Kajal,1464,0
31,40000,Occasional,Quality,Lipstick,3517,0
47,80000,Daily,Price,Foundation,3796,1
37,80000,Occasional,Shade,Lipstick,613,0
22,20000,Daily,Quality,Blush,483,0
29,20000,Occasional,Price,Concealer,1987,0
33,40000,Daily,Quality,Lipstick,1012,0
43,80000,Occasional,Quality,Concealer,2475,0
43,80000,Weekly,Price,Foundation,1610,1
33,20000,Occasional,Shade,Blush,3624,0
38,80000,Occasional,Quality,Foundation,3047,0
24,120000,Daily,Quality,Blush,2733,1
21,20000,Daily,Shade,Blush,3601,0
18,40000,Occasional,Shade,Concealer,570,0
47,20000,Weekly,Price,Foundation,2094,0
47,80000,Weekly,Price,Foundation,1110,1
22,40000,Daily,Price,Lipstick,2762,0
40,20000,Weekly,Shade,Foundation,497,0
43,120000,Occasional,Quality,Lipstick,3694,0
27,120000,Daily,Quality,Kajal,1379,1
39,20000,Occasional,Price,Kajal,3178,0
22,120000,Daily,Shade,Kajal,1526,1
21,120000,Daily,Quality,Foundation,1944,1
19,120000,Daily,Price,Foundation,927,1
37,40000,Daily,Quality,Lipstick,903,0
48,120000,Weekly,Quality,Blush,1461,1
27,120000,Occasional,Shade,Lipstick,1745,0
43,120000,Occasional,Shade,Kajal,1380,0
36,40000,Occasional,Quality,Lipstick,1885,0
43,20000,Daily,Price,Blush,3357,0
49,80000,Weekly,Shade,Foundation,2418,1
18,120000,Occasional,Quality,Lipstick,1210,0
41,20000,Weekly,Shade,Kajal,893,0
22,120000,Daily,Shade,Kajal,1695,1
30,40000,Occasional,Shade,Foundation,3988,0
21,20000,Weekly,Quality,Lipstick,899,0
33,40000,Daily,Price,Blush,813,0
41,120000,Weekly,Price,Foundation,2195,1
33,120000,Occasional,Price,Lipstick,2431,0
40,40000,Occasional,Shade,Concealer,3341,0
19,80000,Daily,Quality,Kajal,1366,1
34,40000,Daily,Shade,Blush,3186,0
45,120000,Daily,Price,Blush,2257,1
49,40000,Weekly,Price,Blush,2953,0
49,80000,Weekly,Quality,Kajal,1109,1
44,40000,Weekly,Shade,Lipstick,2480,0
37,80000,Daily,Price,Foundation,3766,1
41,80000,Occasional,Quality,Lipstick,1388,0
29,40000,Occasional,Shade,Foundation,589,0
35,40000,Weekly,Shade,Blush,2723,0
20,20000,Weekly,Price,Lipstick,1068,0
45,120000,Occasional,Price,Blush,2814,0
18,80000,Occasional,Shade,Concealer,3584,0
18,20000,Weekly,Shade,Blush,3519,0
46,40000,Weekly,Price,Blush,3944,0
36,120000,Occasional,Shade,Foundation,770,0
28,20000,Daily,Price,Concealer,2496,0
22,80000,Weekly,Shade,Blush,387,1
29,20000,Occasional,Price,Blush,3695,0
20,80000,Occasional,Quality,Concealer,2743,0
18,40000,Occasional,Price,Concealer,1089,0
18,120000,Occasional,Price,Lipstick,3775,0
25,120000,Daily,Quality,Foundation,3453,1
27,120000,Occasional,Shade,Concealer,1964,0
28,40000,Weekly,Quality,Concealer,1609,0
29,80000,Daily,Price,Kajal,3753,1
46,40000,Occasional,Shade,Concealer,1164,0
30,120000,Daily,Quality,Foundation,1593,1
29,40000,Weekly,Shade,Blush,3663,0
48,40000,Occasional,Shade,Blush,3824,0
31,40000,Weekly,Quality,Blush,323,0
19,80000,Occasional,Shade,Blush,3303,0
46,20000,Occasional,Quality,Kajal,2186,0
36,20000,Occasional,Price,Concealer,610,0
35,40000,Occasional,Shade,Blush,1784,0
20,20000,Occasional,Price,Lipstick,1531,0
40,20000,Daily,Price,Blush,3011,0
34,40000,Occasional,Shade,Concealer,2785,0
43,40000,Occasional,Quality,Blush,3909,0
25,120000,Daily,Shade,Kajal,1005,1
46,20000,Daily,Price,Foundation,1659,0
43,80000,Daily,Price,Foundation,721,1
27,40000,Daily,Quality,Concealer,2073,0
43,120000,Daily,Shade,Foundation,2668,1
47,80000,Daily,Price,Foundation,3868,1
19,20000,Occasional,Price,Lipstick,2934,0
36,120000,Occasional,Price,Concealer,1246,0
26,40000,Weekly,Quality,Concealer,1486,0
24,80000,Occasional,Price,Foundation,2134,0
21,40000,Occasional,Price,Foundation,1864,0
43,20000,Daily,Shade,Foundation,3536,0
38,80000,Daily,Shade,Kajal,1148,1
35,20000,Occasional,Price,Blush,1889,0
30,20000,Weekly,Price,Kajal,1618,0
28,120000,Daily,Shade,Concealer,2389,1
46,40000,Occasional,Quality,Lipstick,2247,0
41,80000,Occasional,Quality,Blush,1608,0
21,20000,Weekly,Quality,Lipstick,3286,0
42,20000,Weekly,Quality,Concealer,686,0
38,80000,Daily,Quality,Concealer,2335,1
46,20000,Weekly,Quality,Lipstick,1461,0
42,120000,Occasional,Quality,Lipstick,3558,0
21,120000,Occasional,Quality,Lipstick,2325,0
27,120000,Weekly,Shade,Concealer,3257,1
22,120000,Weekly,Quality,Foundation,1015,1
26,20000,Weekly,Quality,Lipstick,2778,0
41,80000,Weekly,Quality,Blush,2901,1
49,80000,Daily,Price,Concealer,3787,1
20,80000,Weekly,Shade,Kajal,3147,1
34,80000,Daily,Shade,Kajal,725,1
20,40000,Occasional,Shade,Blush,1739,0
33,80000,Weekly,Quality,Foundation,2373,1
21,40000,Daily,Quality,Lipstick,3742,0
35,40000,Weekly,Price,Concealer,684,0
34,120000,Occasional,Shade,Lipstick,355,0
24,40000,Occasional,Quality,Concealer,3624,0
49,20000,Occasional,Shade,Kajal,2981,0
41,40000,Weekly,Price,Lipstick,405,0
40,120000,Weekly,Price,Blush,3501,1
47,40000,Daily,Price,Foundation,3196,0
49,20000,Occasional,Shade,Blush,969,0
22,20000,Weekly,Quality,Foundation,675,0
29,20000,Occasional,Quality,Lipstick,1042,0
34,120000,Occasional,Price,Lipstick,1266,0
40,120000,Daily,Quality,Foundation,607,1
30,80000,Daily,Price,Kajal,2438,1
40,120000,Daily,Shade,Concealer,3764,1
42,20000,Daily,Price,Blush,3905,0
20,20000,Occasional,Shade,Blush,1101,0
26,120000,Daily,Price,Blush,409,1
47,40000,Daily,Quality,Lipstick,3932,0
34,120000,Daily,Quality,Blush,1964,1
34,120000,Daily,Price,Concealer,2932,1
47,20000,Occasional,Quality,Concealer,639,0
37,80000,Daily,Quality,Foundation,1888,1
33,20000,Occasional,Quality,Lipstick,1278,0
42,80000,Weekly,Shade,Concealer,2703,1
39,20000,Occasional,Quality,Kajal,2215,0
30,120000,Occasional,Shade,Lipstick,467,0
44,20000,Daily,Price,Lipstick,856,0
36,20000,Weekly,Quality,Concealer,3823,0
34,20000,Weekly,Quality,Kajal,1204,0
21,120000,Weekly,Quality,Foundation,404,1
29,120000,Weekly,Price,Concealer,2347,1
46,120000,Occasional,Shade,Kajal,2497,0
26,120000,Weekly,Shade,Lipstick,445,1
36,80000,Occasional,Quality,Kajal,3063,0
29,80000,Occasional,Price,Lipstick,1173,0
26,40000,Occasional,Price,Concealer,598,0
24,120000,Weekly,Price,Concealer,3538,1
45,80000,Daily,Price,Blush,2036,1
31,20000,Daily,Price,Blush,945,0
48,120000,Weekly,Shade,Blush,3070,1
49,40000,Daily,Shade,Concealer,3419,0
37,40000,Daily,Shade,Foundation,937,0
36,40000,Occasional,Quality,Concealer,2586,0
43,20000,Occasional,Price,Kajal,3378,0
32,80000,Weekly,Quality,Concealer,2811,1
33,20000,Weekly,Price,Concealer,2800,0
38,120000,Daily,Shade,Lipstick,1083,1
22,40000,Occasional,Quality,Lipstick,1196,0
20,20000,Weekly,Shade,Lipstick,670,0
29,20000,Weekly,Price,Concealer,3920,0
42,80000,Weekly,Price,Foundation,786,1
37,80000,Weekly,Price,Kajal,3582,1
44,40000,Weekly,Shade,Kajal,2337,0
38,20000,Weekly,Price,Foundation,2512,0
21,20000,Daily,Shade,Foundation,3496,0
38,80000,Occasional,Quality,Kajal,1660,0
40,20000,Occasional,Price,Blush,491,0
33,20000,Weekly,Price,Lipstick,1029,0
42,20000,Occasional,Price,Lipstick,2561,0
24,80000,Occasional,Quality,Kajal,2921,0
30,40000,Occasional,Price,Foundation,3699,0
38,120000,Weekly,Shade,Blush,1256,1
27,40000,Weekly,Shade,Kajal,680,0
43,120000,Occasional,Price,Lipstick,3020,0
24,20000,Occasional,Price,Concealer,3949,0
31,40000,Weekly,Quality,Foundation,1097,0
48,120000,Daily,Quality,Concealer,538,1
43,80000,Occasional,Quality,Kajal,3903,0
22,80000,Daily,Price,Lipstick,3047,1
20,40000,Occasional,Quality,Blush,1405,0
40,40000,Daily,Quality,Concealer,1686,0
46,20000,Daily,Shade,Blush,2852,0
28,40000,Daily,Quality,Lipstick,2549,0
28,20000,Weekly,Shade,Concealer,3267,0
35,20000,Daily,Shade,Blush,1827,0
32,80000,Daily,Quality,Blush,1967,1
29,80000,Daily,Shade,Concealer,336,1
26,120000,Occasional,Price,Lipstick,2991,0
27,80000,Daily,Price,Blush,3960,1
43,80000,Occasional,Quality,Kajal,3972,0
29,40000,Daily,Price,Concealer,2296,0
34,80000,Daily,Shade,Foundation,1725,1
46,120000,Weekly,Price,Foundation,3112,1
23,40000,Occasional,Quality,Lipstick,3053,0
24,120000,Daily,Quality,Kajal,3547,1
31,80000,Occasional,Shade,Blush,2892,0
30,120000,Occasional,Quality,Foundation,3941,0
25,40000,Weekly,Price,Lipstick,1790,0
27,20000,Weekly,Quality,Kajal,1524,0
26,120000,Weekly,Shade,Kajal,2887,1
35,120000,Weekly,Quality,Lipstick,3918,1
44,40000,Weekly,Price,Lipstick,3364,0
43,40000,Weekly,Shade,Blush,2322,0
19,120000,Weekly,Price,Lipstick,2741,1
22,80000,Weekly,Shade,Blush,1132,1
46,120000,Daily,Quality,Blush,3413,1
22,40000,Occasional,Shade,Concealer,896,0
23,20000,Weekly,Shade,Kajal,2740,0
36,20000,Weekly,Quality,Kajal,999,0
25,80000,Occasional,Price,Kajal,1946,0
33,120000,Daily,Quality,Concealer,2318,1
30,20000,Occasional,Shade,Blush,740,0
18,120000,Occasional,Quality,Blush,2160,0
39,40000,Weekly,Shade,Lipstick,1940,0
37,20000,Occasional,Quality,Concealer,1829,0
34,80000,Occasional,Quality,Lipstick,3265,0
48,40000,Weekly,Price,Concealer,2667,0
24,80000,Weekly,Shade,Lipstick,2900,1
42,40000,Weekly,Price,Foundation,3586,0
30,20000,Weekly,Shade,Kajal,1394,0
21,80000,Occasional,Quality,Kajal,867,0
21,80000,Occasional,Shade,Blush,3266,0
23,40000,Daily,Price,Foundation,535,0
45,80000,Daily,Price,Kajal,1604,1
48,40000,Occasional,Price,Blush,3334,0
36,40000,Daily,Shade,Foundation,3988,0
46,40000,Occasional,Price,Kajal,1485,0
29,40000,Daily,Price,Lipstick,3562,0
39,20000,Weekly,Price,Concealer,1332,0
24,40000,Daily,Quality,Foundation,2407,0
44,120000,Weekly,Quality,Blush,3240,1
27,80000,Weekly,Shade,Foundation,2140,1
43,120000,Weekly,Shade,Blush,524,1
36,20000,Weekly,Price,Foundation,2142,0
24,120000,Daily,Quality,Blush,3047,1
47,80000,Occasional,Price,Kajal,881,0
20,120000,Weekly,Price,Lipstick,3658,1
30,20000,Daily,Quality,Kajal,3341,0
30,40000,Weekly,Quality,Lipstick,468,0
35,120000,Daily,Quality,Kajal,3433,1
45,20000,Daily,Shade,Kajal,3720,0
47,20000,Daily,Shade,Foundation,1765,0
43,80000,Occasional,Price,Concealer,313,0
37,80000,Daily,Shade,Blush,2511,1
45,120000,Daily,Quality,Blush,1743,1
25,40000,Occasional,Quality,Blush,3104,0
46,20000,Occasional,Shade,Lipstick,2170,0
48,120000,Daily,Price,Blush,1843,1
26,20000,Occasional,Price,Blush,1989,0
24,20000,Weekly,Shade,Foundation,1871,0
18,40000,Weekly,Price,Kajal,3931,0
20,40000,Occasional,Price,Blush,3968,0
30,120000,Occasional,Price,Concealer,1351,0
45,40000,Daily,Quality,Blush,2031,0
47,40000,Occasional,Quality,Lipstick,745,0
42,120000,Daily,Shade,Lipstick,3579,1
48,40000,Weekly,Quality,Lipstick,3841,0
45,80000,Occasional,Price,Blush,1015,0
34,20000,Daily,Quality,Foundation,3323,0
42,20000,Daily,Shade,Concealer,1118,0
41,20000,Weekly,Quality,Blush,2451,0
18,20000,Occasional,Price,Foundation,3089,0
23,120000,Weekly,Price,Foundation,725,1
38,20000,Daily,Shade,Blush,1424,0
23,20000,Daily,Quality,Blush,1864,0
43,20000,Occasional,Quality,Foundation,2986,0
29,20000,Daily,Quality,Foundation,1149,0
30,80000,Occasional,Price,Foundation,1845,0
49,20000,Weekly,Shade,Blush,1429,0
30,80000,Occasional,Quality,Foundation,2002,0
46,120000,Occasional,Price,Lipstick,2301,0
32,40000,Daily,Price,Blush,3116,0
38,20000,Daily,Price,Lipstick,576,0
33,40000,Occasional,Quality,Kajal,3436,0
39,40000,Daily,Quality,Blush,2106,0
38,120000,Daily,Quality,Kajal,3247,1
28,40000,Daily,Quality,Foundation,2535,0
45,80000,Occasional,Quality,Foundation,3688,0
22,40000,Daily,Quality,Concealer,2239,0
21,40000,Occasional,Quality,Foundation,3509,0
20,40000,Daily,Quality,Kajal,3714,0
36,20000,Weekly,Quality,Foundation,2452,0
37,20000,Daily,Price,Blush,845,0
42,80000,Daily,Quality,Foundation,2727,1
35,80000,Occasional,Shade,Concealer,409,0
32,20000,Occasional,Price,Foundation,844,0
26,80000,Daily,Quality,Kajal,2701,1
34,20000,Weekly,Shade,Kajal,1042,0
31,120000,Daily,Quality,Foundation,2664,1
32,40000,Daily,Shade,Kajal,1589,0
48,40000,Weekly,Shade,Kajal,2175,0
18,80000,Occasional,Shade,Concealer,1388,0
38,20000,Daily,Shade,Blush,632,0
39,20000,Occasional,Price,Concealer,1836,0
39,80000,Occasional,Price,Lipstick,1456,0
20,20000,Weekly,Shade,Concealer,891,0
33,120000,Weekly,Quality,Foundation,1082,1
40,40000,Occasional,Shade,Blush,839,0
42,80000,Daily,Price,Foundation,3082,1
28,80000,Occasional,Quality,Lipstick,1858,0
29,20000,Daily,Price,Blush,1819,0
27,80000,Daily,Price,Kajal,2968,1
49,120000,Weekly,Quality,Concealer,918,1
33,20000,Daily,Shade,Foundation,3740,0
25,20000,Daily,Shade,Lipstick,3256,0
23,20000,Occasional,Shade,Kajal,2133,0
29,20000,Weekly,Shade,Concealer,1291,0
41,120000,Daily,Quality,Kajal,2446,1
45,20000,Daily,Quality,Concealer,2664,0
38,80000,Weekly,Quality,Blush,2470,1
25,120000,Occasional,Price,Kajal,3691,0
43,40000,Weekly,Quality,Kajal,3146,0
45,40000,Weekly,Shade,Kajal,1916,0
21,80000,Daily,Price,Blush,1818,1
43,80000,Daily,Shade,Lipstick,2804,1
25,120000,Occasional,Shade,Concealer,821,0
43,40000,Daily,Quality,Kajal,2867,0
45,40000,Daily,Quality,Blush,1216,0
35,40000,Weekly,Shade,Lipstick,1016,0
45,40000,Daily,Shade,Concealer,2662,0
45,40000,Occasional,Price,Blush,3056,0
22,20000,Weekly,Quality,Concealer,3057,0
26,80000,Occasional,Price,Kajal,3913,0
21,20000,Weekly,Price,Lipstick,3850,0
49,40000,Daily,Price,Blush,2236,0
44,120000,Weekly,Shade,Lipstick,3391,1
39,120000,Weekly,Price,Kajal,859,1
48,40000,Daily,Price,Lipstick,1268,0
34,40000,Daily,Shade,Lipstick,3501,0
26,120000,Occasional,Quality,Foundation,3664,0
18,20000,Occasional,Quality,Lipstick,3503,0
38,20000,Daily,Price,Concealer,2703,0
37,40000,Daily,Shade,Blush,1377,0
30,20000,Daily,Quality,Foundation,1189,0
45,120000,Weekly,Price,Blush,1092,1
33,20000,Weekly,Price,Blush,3758,0
46,40000,Weekly,Shade,Kajal,2612,0
30,120000,Daily,Price,Kajal,1281,1
31,20000,Occasional,Quality,Foundation,3586,0
20,80000,Daily,Shade,Kajal,3831,1
46,120000,Weekly,Quality,Kajal,3829,1
23,120000,Weekly,Quality,Kajal,1101,1
35,80000,Daily,Quality,Blush,342,1
36,80000,Daily,Price,Foundation,1909,1
49,120000,Weekly,Price,Blush,3209,1
22,80000,Weekly,Quality,Concealer,3649,1
32,40000,Weekly,Quality,Blush,2077,0
42,40000,Daily,Shade,Concealer,3501,0
19,40000,Weekly,Shade,Lipstick,649,0
27,120000,Weekly,Price,Lipstick,1867,1
41,80000,Occasional,Price,Concealer,1429,0
47,80000,Daily,Shade,Concealer,3259,1
35,20000,Occasional,Quality,Blush,2348,0
44,20000,Occasional,Price,Concealer,2080,0
30,80000,Weekly,Quality,Foundation,883,1
22,80000,Daily,Shade,Lipstick,731,1
40,80000,Weekly,Price,Lipstick,3677,1
41,120000,Daily,Price,Concealer,2232,1
18,80000,Occasional,Shade,Kajal,3898,0
39,20000,Daily,Price,Kajal,2400,0
18,120000,Weekly,Shade,Concealer,3287,1
35,80000,Weekly,Price,Foundation,2867,1
49,20000,Weekly,Shade,Kajal,3701,0
32,120000,Daily,Price,Concealer,3929,1
34,80000,Occasional,Quality,Foundation,1648,0
28,80000,Occasional,Quality,Foundation,3485,0
38,80000,Daily,Quality,Blush,2494,1
43,120000,Weekly,Price,Foundation,2330,1
48,20000,Occasional,Price,Kajal,1489,0
42,20000,Weekly,Quality,Kajal,3750,0
39,40000,Daily,Quality,Concealer,1462,0
44,80000,Weekly,Shade,Concealer,2976,1
44,40000,Occasional,Shade,Foundation,598,0
34,40000,Occasional,Shade,Lipstick,3647,0
30,20000,Weekly,Quality,Blush,2239,0
18,120000,Daily,Quality,Lipstick,1088,1
19,120000,Weekly,Quality,Foundation,1149,1
26,20000,Daily,Shade,Foundation,2525,0
20,120000,Weekly,Price,Lipstick,3189,1
48,40000,Occasional,Quality,Blush,1677,0
18,80000,Daily,Price,Lipstick,1477,1
38,20000,Daily,Price,Concealer,2249,0
33,80000,Daily,Price,Kajal,3572,1
40,120000,Occasional,Shade,Concealer,1177,0
23,80000,Weekly,Price,Kajal,1438,1
45,120000,Occasional,Quality,Foundation,1877,0
34,120000,Daily,Shade,Blush,3106,1
22,40000,Weekly,Quality,Lipstick,3439,0
48,120000,Occasional,Quality,Blush,3816,0
22,40000,Daily,Shade,Lipstick,2792,0
23,40000,Daily,Quality,Concealer,3697,0
20,40000,Occasional,Quality,Concealer,3055,0
38,20000,Occasional,Shade,Lipstick,2949,0
40,20000,Occasional,Quality,Blush,1946,0
22,120000,Daily,Price,Lipstick,2203,1
38,40000,Occasional,Quality,Foundation,1682,0
22,20000,Daily,Price,Concealer,444,0
27,40000,Occasional,Quality,Foundation,2622,0
27,80000,Daily,Shade,Concealer,2856,1
36,80000,Daily,Shade,Concealer,1502,1
34,80000,Weekly,Quality,Kajal,3100,1
38,120000,Occasional,Shade,Foundation,2161,0
31,40000,Occasional,Quality,Foundation,2154,0
26,80000,Daily,Shade,Kajal,2824,1
31,20000,Daily,Price,Blush,2166,0
18,80000,Daily,Quality,Foundation,3785,1
36,80000,Weekly,Price,Lipstick,3524,1
30,80000,Weekly,Price,Kajal,3475,1
30,120000,Daily,Quality,Foundation,1398,1
21,20000,Occasional,Price,Blush,1451,0
47,40000,Occasional,Quality,Foundation,2034,0
18,20000,Weekly,Price,Concealer,3013,0
34,40000,Weekly,Quality,Lipstick,867,0
25,120000,Daily,Quality,Kajal,2113,1
49,120000,Occasional,Shade,Concealer,3716,0
19,120000,Daily,Quality,Blush,830,1
45,120000,Weekly,Quality,Concealer,2506,1
48,40000,Occasional,Price,Concealer,1861,0
25,80000,Occasional,Quality,Blush,3797,0
24,40000,Weekly,Shade,Concealer,980,0
43,20000,Daily,Price,Kajal,2370,0
43,120000,Daily,Price,Foundation,1370,1
19,120000,Occasional,Shade,Concealer,2872,0
39,20000,Weekly,Price,Kajal,1028,0
39,40000,Occasional,Price,Foundation,2029,0
20,80000,Weekly,Price,Foundation,2491,1
44,80000,Daily,Price,Concealer,3956,1
35,20000,Weekly,Shade,Kajal,967,0
29,80000,Daily,Shade,Concealer,1912,1
18,40000,Weekly,Price,Blush,3790,0
39,40000,Occasional,Price,Foundation,980,0
29,20000,Daily,Shade,Concealer,1272,0
22,40000,Occasional,Shade,Foundation,3146,0
47,120000,Occasional,Shade,Kajal,2432,0
47,20000,Daily,Price,Lipstick,2763,0
44,40000,Daily,Price,Concealer,3041,0
42,20000,Occasional,Quality,Concealer,2829,0
34,80000,Occasional,Shade,Foundation,2803,0
33,40000,Occasional,Price,Kajal,1126,0
48,120000,Occasional,Shade,Blush,596,0
32,40000,Daily,Price,Kajal,3483,0
40,20000,Daily,Shade,Concealer,1553,0
32,20000,Occasional,Price,Blush,3467,0
22,40000,Weekly,Quality,Kajal,3297,0
38,120000,Weekly,Quality,Lipstick,3027,1
31,120000,Daily,Shade,Foundation,2725,1
19,120000,Occasional,Price,Kajal,3527,0
28,20000,Occasional,Price,Kajal,2768,0
36,40000,Daily,Shade,Lipstick,2452,0
24,80000,Weekly,Price,Concealer,2028,1
23,20000,Weekly,Shade,Foundation,2324,0
49,120000,Weekly,Price,Kajal,629,1
45,40000,Daily,Shade,Blush,2786,0
19,120000,Weekly,Price,Kajal,1455,1
23,80000,Daily,Shade,Foundation,2190,1
35,120000,Daily,Price,Kajal,681,1
19,120000,Occasional,Quality,Lipstick,2485,0
35,80000,Weekly,Price,Kajal,3290,1
47,40000,Daily,Shade,Kajal,1142,0
32,20000,Weekly,Quality,Blush,2617,0
44,40000,Weekly,Price,Lipstick,3921,0
36,80000,Occasional,Quality,Lipstick,695,0
48,120000,Weekly,Price,Kajal,3928,1
19,40000,Occasional,Quality,Blush,3260,0
37,20000,Daily,Shade,Kajal,2811,0
42,80000,Weekly,Price,Kajal,749,1
23,40000,Daily,Price,Foundation,1654,0
18,20000,Weekly,Shade,Foundation,3624,0
41,80000,Daily,Quality,Blush,2286,1
32,20000,Weekly,Shade,Concealer,1608,0
45,80000,Weekly,Shade,Foundation,1597,1
47,120000,Weekly,Quality,Concealer,2367,1
40,40000,Weekly,Shade,Lipstick,2586,0
27,20000,Weekly,Price,Foundation,1593,0
36,80000,Weekly,Price,Foundation,2765,1
34,20000,Weekly,Price,Blush,3681,0
22,20000,Weekly,Shade,Concealer,3402,0
46,40000,Weekly,Price,Foundation,2149,0
21,120000,Daily,Price,Foundation,3475,1
27,20000,Occasional,Price,Blush,485,0
41,80000,Weekly,Price,Blush,3499,1
34,80000,Occasional,Price,Concealer,1533,0
27,120000,Weekly,Price,Lipstick,1737,1
34,80000,Weekly,Shade,Lipstick,3652,1
45,120000,Daily,Price,Kajal,552,1
37,80000,Daily,Price,Foundation,318,1
41,40000,Occasional,Quality,Concealer,3059,0
22,20000,Daily,Shade,Foundation,1459,0
19,40000,Daily,Shade,Concealer,522,0
23,20000,Occasional,Shade,Concealer,302,0
38,20000,Daily,Shade,Concealer,1559,0
19,20000,Weekly,Price,Foundation,1153,0
30,40000,Occasional,Price,Blush,1788,0
47,20000,Occasional,Quality,Foundation,527,0
28,40000,Weekly,Quality,Concealer,3260,0
28,120000,Daily,Shade,Kajal,1977,1
33,80000,Occasional,Quality,Lipstick,798,0
28,80000,Occasional,Quality,Concealer,2868,0
36,20000,Weekly,Shade,Kajal,3049,0
32,40000,Weekly,Shade,Blush,2185,0
42,80000,Daily,Quality,Concealer,3264,1
40,40000,Occasional,Price,Kajal,2315,0
40,40000,Daily,Quality,Concealer,1462,0
33,20000,Daily,Quality,Foundation,1599,0
48,80000,Weekly,Price,Kajal,2638,1
28,20000,Occasional,Price,Foundation,1376,0
39,20000,Occasional,Shade,Foundation,3481,0
33,80000,Occasional,Shade,Kajal,1014,0
25,80000,Weekly,Quality,Lipstick,1247,1
21,120000,Weekly,Price,Kajal,2995,1
25,120000,Weekly,Shade,Lipstick,3375,1
21,40000,Weekly,Quality,Concealer,3031,0
41,80000,Weekly,Price,Concealer,1169,1
42,120000,Occasional,Quality,Kajal,1370,0
20,40000,Daily,Shade,Concealer,393,0
49,40000,Occasional,Shade,Blush,3287,0
20,40000,Daily,Price,Foundation,859,0
44,120000,Weekly,Quality,Foundation,2075,1
46,80000,Daily,Price,Lipstick,2560,1
49,20000,Occasional,Shade,Concealer,735,0
35,40000,Occasional,Shade,Lipstick,1151,0
46,120000,Daily,Quality,Foundation,2855,1
43,120000,Weekly,Quality,Foundation,3183,1
36,20000,Weekly,Quality,Concealer,2998,0
36,20000,Occasional,Price,Blush,504,0
38,120000,Daily,Quality,Blush,2728,1
22,80000,Weekly,Quality,Concealer,3444,1
35,20000,Weekly,Shade,Concealer,3887,0
45,120000,Occasional,Shade,Lipstick,1399,0
27,20000,Weekly,Quality,Concealer,376,0
46,80000,Daily,Quality,Blush,1115,1
39,40000,Occasional,Shade,Concealer,1067,0
38,20000,Occasional,Quality,Lipstick,2757,0
23,80000,Daily,Price,Lipstick,3985,1
18,120000,Occasional,Price,Lipstick,405,0
22,20000,Weekly,Price,Lipstick,2898,0
26,20000,Weekly,Quality,Kajal,3847,0
29,120000,Daily,Shade,Concealer,3173,1
43,40000,Weekly,Quality,Foundation,3646,0
31,120000,Daily,Quality,Concealer,2435,1
19,20000,Daily,Shade,Kajal,2046,0
34,120000,Weekly,Shade,Lipstick,3228,1
31,80000,Daily,Shade,Kajal,3448,1
43,120000,Weekly,Price,Blush,3448,1
30,20000,Occasional,Quality,Blush,1765,0
44,120000,Occasional,Shade,Concealer,2887,0
26,40000,Daily,Quality,Concealer,544,0
43,120000,Weekly,Price,Foundation,2925,1
42,40000,Weekly,Price,Foundation,1705,0
32,80000,Occasional,Shade,Blush,1281,0
42,40000,Occasional,Shade,Lipstick,3064,0
39,120000,Weekly,Quality,Kajal,3941,1
32,20000,Daily,Shade,Foundation,2036,0
41,40000,Occasional,Quality,Foundation,441,0
47,80000,Daily,Shade,Lipstick,1192,1
28,40000,Daily,Quality,Lipstick,1691,0
48,40000,Occasional,Quality,Concealer,3455,0
33,40000,Daily,Quality,Kajal,3514,0
46,80000,Daily,Quality,Lipstick,2699,1
34,120000,Weekly,Price,Foundation,844,1
43,40000,Daily,Quality,Foundation,3260,0
21,40000,Weekly,Shade,Blush,2499,0
18,20000,Occasional,Price,Lipstick,3529,0
25,80000,Occasional,Price,Concealer,1769,0
34,40000,Weekly,Quality,Kajal,3000,0
20,80000,Occasional,Price,Concealer,3305,0
46,40000,Daily,Quality,Foundation,1062,0
37,120000,Daily,Shade,Concealer,3674,1
32,120000,Daily,Quality,Foundation,923,1
32,40000,Occasional,Price,Foundation,955,0
48,120000,Daily,Shade,Foundation,2797,1
41,40000,Occasional,Quality,Foundation,3068,0
39,120000,Daily,Shade,Foundation,1547,1
31,20000,Weekly,Shade,Blush,342,0
43,20000,Occasional,Price,Concealer,2611,0
45,20000,Occasional,Shade,Blush,1326,0
40,80000,Daily,Price,Blush,1960,1
31,80000,Occasional,Shade,Lipstick,1591,0
41,20000,Occasional,Quality,Lipstick,895,0
19,80000,Weekly,Shade,Lipstick,3387,1
30,120000,Weekly,Quality,Kajal,3705,1
43,40000,Daily,Quality,Lipstick,3835,0
31,40000,Weekly,Shade,Concealer,3430,0
44,40000,Daily,Quality,Blush,1312,0
41,20000,Daily,Shade,Concealer,2524,0
36,80000,Daily,Shade,Lipstick,2410,1
24,120000,Occasional,Quality,Kajal,1257,0
20,120000,Weekly,Quality,Kajal,3350,1
32,20000,Daily,Price,Blush,860,0
40,120000,Weekly,Quality,Concealer,1630,1
31,120000,Daily,Price,Foundation,3617,1
28,120000,Weekly,Quality,Concealer,1612,1
32,120000,Weekly,Shade,Lipstick,2121,1
45,80000,Daily,Quality,Foundation,3302,1
30,120000,Occasional,Shade,Kajal,3703,0
35,40000,Weekly,Shade,Blush,1850,0
43,20000,Occasional,Shade,Blush,1149,0
23,80000,Occasional,Price,Kajal,1578,0
20,120000,Daily,Quality,Lipstick,2951,1
36,80000,Daily,Shade,Kajal,1833,1
32,120000,Daily,Shade,Lipstick,2114,1
49,40000,Weekly,Price,Foundation,2041,0
42,20000,Daily,Quality,Kajal,905,0
40,120000,Daily,Quality,Lipstick,3177,1
22,120000,Weekly,Price,Foundation,1786,1
45,120000,Weekly,Price,Kajal,3570,1
27,120000,Daily,Quality,Blush,1594,1
24,20000,Daily,Price,Kajal,1045,0
42,20000,Daily,Quality,Concealer,857,0
34,40000,Daily,Quality,Kajal,2411,0
24,20000,Occasional,Shade,Concealer,3601,0
39,120000,Occasional,Shade,Foundation,1241,0
43,40000,Daily,Quality,Kajal,2596,0
47,40000,Occasional,Quality,Foundation,1569,0
29,40000,Weekly,Quality,Foundation,1239,0
42,120000,Occasional,Quality,Lipstick,1910,0
34,80000,Occasional,Quality,Foundation,2504,0
30,120000,Daily,Quality,Foundation,3082,1
37,20000,Occasional,Price,Kajal,2025,0
42,20000,Occasional,Quality,Kajal,1284,0
21,120000,Occasional,Price,Blush,1887,0
27,120000,Occasional,Price,Lipstick,3459,0
20,40000,Weekly,Quality,Foundation,1636,0
26,120000,Daily,Quality,Lipstick,2174,1
30,40000,Daily,Price,Concealer,3437,0
35,20000,Weekly,Price,Foundation,961,0
32,40000,Occasional,Quality,Lipstick,3391,0
21,120000,Weekly,Quality,Blush,332,1
32,20000,Occasional,Price,Blush,2116,0
39,80000,Weekly,Price,Foundation,2905,1
19,40000,Daily,Price,Concealer,2420,0
32,20000,Daily,Shade,Blush,2189,0
25,40000,Daily,Price,Blush,3172,0
25,20000,Occasional,Shade,Concealer,3714,0
34,20000,Occasional,Quality,Lipstick,1456,0
29,40000,Weekly,Quality,Blush,3426,0
36,80000,Weekly,Price,Kajal,360,1
27,20000,Daily,Quality,Blush,1843,0
26,20000,Occasional,Quality,Lipstick,571,0
22,20000,Weekly,Quality,Lipstick,2593,0
23,80000,Occasional,Quality,Foundation,1499,0
37,80000,Occasional,Shade,Kajal,2975,0
43,120000,Daily,Shade,Lipstick,3688,1
49,40000,Daily,Price,Concealer,2106,0
19,80000,Occasional,Price,Kajal,3052,0
44,40000,Occasional,Price,Kajal,3009,0
41,120000,Occasional,Quality,Concealer,1454,0
44,40000,Occasional,Quality,Blush,1425,0
30,80000,Daily,Shade,Concealer,609,1
23,40000,Weekly,Shade,Concealer,1615,0
22,80000,Daily,Price,Blush,2045,1
42,40000,Weekly,Shade,Blush,2842,0
18,80000,Occasional,Shade,Blush,3732,0
38,80000,Weekly,Shade,Blush,637,1
39,40000,Daily,Shade,Blush,2926,0
38,120000,Daily,Shade,Concealer,309,1
23,20000,Occasional,Price,Foundation,348,0
23,120000,Daily,Price,Foundation,1810,1
40,40000,Occasional,Shade,Lipstick,2970,0
33,120000,Daily,Price,Foundation,1644,1
21,80000,Daily,Quality,Foundation,1030,1
47,20000,Occasional,Shade,Concealer,3940,0
28,40000,Weekly,Quality,Blush,1094,0
47,40000,Daily,Price,Blush,3318,0
47,40000,Weekly,Price,Concealer,1948,0
47,20000,Daily,Quality,Foundation,432,0
48,80000,Daily,Price,Concealer,3954,1
41,40000,Daily,Shade,Lipstick,2430,0
40,120000,Daily,Quality,Blush,2404,1
26,40000,Weekly,Shade,Kajal,675,0
40,40000,Weekly,Quality,Lipstick,2696,0
20,40000,Daily,Price,Lipstick,570,0
36,40000,Daily,Quality,Concealer,1806,0
48,80000,Weekly,Quality,Foundation,2458,1
25,120000,Occasional,Shade,Blush,3216,0
22,80000,Occasional,Price,Kajal,3234,0
21,120000,Weekly,Shade,Lipstick,375,1
41,40000,Daily,Price,Kajal,3529,0
48,20000,Daily,Shade,Foundation,3903,0
23,80000,Occasional,Quality,Foundation,2256,0
19,20000,Occasional,Shade,Kajal,1966,0
37,80000,Weekly,Price,Blush,628,1
45,40000,Occasional,Price,Foundation,2469,0
28,80000,Weekly,Quality,Kajal,340,1
21,40000,Occasional,Price,Lipstick,1490,0
32,80000,Occasional,Shade,Kajal,3269,0
23,40000,Occasional,Quality,Kajal,2989,0
39,40000,Daily,Price,Concealer,3394,0
34,120000,Daily,Price,Foundation,2626,1
47,40000,Daily,Shade,Blush,3110,0
41,120000,Occasional,Shade,Blush,2816,0
23,40000,Weekly,Quality,Concealer,3771,0
36,20000,Weekly,Price,Blush,2356,0
47,40000,Weekly,Shade,Kajal,312,0
42,20000,Weekly,Quality,Concealer,1223,0
19,20000,Daily,Price,Lipstick,3270,0
32,40000,Daily,Price,Foundation,2142,0
28,20000,Occasional,Quality,Foundation,3423,0
25,120000,Occasional,Quality,Foundation,1532,0
43,80000,Weekly,Shade,Kajal,3921,1
36,40000,Daily,Price,Lipstick,3983,0
30,20000,Weekly,Price,Concealer,3773,0
29,40000,Occasional,Price,Concealer,1514,0
22,120000,Occasional,Quality,Foundation,3422,0
23,40000,Weekly,Shade,Lipstick,3764,0
43,40000,Occasional,Price,Lipstick,952,0
39,20000,Weekly,Quality,Lipstick,2003,0
21,120000,Daily,Price,Blush,920,1
36,80000,Weekly,Shade,Blush,2262,1
37,80000,Daily,Price,Foundation,3671,1
18,20000,Daily,Shade,Lipstick,1945,0
37,40000,Occasional,Shade,Lipstick,2543,0
34,20000,Occasional,Price,Concealer,716,0
29,20000,Occasional,Price,Concealer,963,0
32,20000,Weekly,Shade,Foundation,3791,0
18,40000,Weekly,Quality,Lipstick,2078,0
43,120000,Occasional,Shade,Foundation,3988,0
31,20000,Weekly,Price,Concealer,3893,0
49,40000,Occasional,Price,Concealer,1679,0
23,120000,Weekly,Quality,Blush,447,1
22,20000,Daily,Shade,Foundation,2345,0
47,80000,Daily,Shade,Foundation,3348,1
28,120000,Occasional,Shade,Lipstick,1688,0
48,20000,Weekly,Price,Lipstick,2711,0
21,120000,Weekly,Shade,Blush,2025,1
30,120000,Daily,Quality,Kajal,701,1
28,120000,Daily,Price,Kajal,2953,1
20,120000,Occasional,Price,Kajal,1815,0
18,120000,Daily,Shade,Foundation,2331,1
23,120000,Occasional,Quality,Foundation,528,0
35,20000,Daily,Price,Concealer,1898,0
41,80000,Daily,Price,Foundation,2884,1
27,40000,Weekly,Shade,Foundation,567,0
22,120000,Daily,Shade,Foundation,1728,1
40,40000,Daily,Quality,Blush,2116,0
27,20000,Occasional,Shade,Foundation,1334,0
29,120000,Daily,Quality,Lipstick,1643,1
19,80000,Occasional,Price,Lipstick,425,0
30,40000,Daily,Quality,Concealer,2653,0
25,120000,Daily,Quality,Blush,2025,1
19,20000,Occasional,Quality,Lipstick,3882,0
37,80000,Weekly,Price,Blush,1412,1
18,40000,Occasional,Shade,Blush,3726,0
48,40000,Occasional,Price,Concealer,2975,0
22,120000,Occasional,Shade,Blush,1675,0
26,80000,Weekly,Quality,Foundation,988,1
34,80000,Daily,Quality,Blush,3385,1
26,80000,Occasional,Quality,Concealer,1580,0
28,80000,Occasional,Quality,Concealer,1532,0
32,20000,Weekly,Quality,Concealer,580,0
41,80000,Occasional,Shade,Lipstick,742,0
23,40000,Daily,Shade,Foundation,2163,0
40,40000,Weekly,Quality,Lipstick,1136,0
20,20000,Daily,Price,Kajal,688,0
47,40000,Daily,Price,Foundation,916,0
48,40000,Weekly,Quality,Blush,3854,0
34,80000,Occasional,Shade,Concealer,446,0
22,40000,Daily,Price,Kajal,3650,0
47,20000,Daily,Price,Foundation,820,0
45,80000,Daily,Price,Lipstick,929,1
29,120000,Daily,Quality,Concealer,3977,1
35,80000,Weekly,Price,Lipstick,2781,1
31,20000,Weekly,Price,Foundation,2491,0
38,80000,Daily,Price,Foundation,588,1
41,80000,Occasional,Price,Kajal,1709,0
28,20000,Daily,Shade,Blush,313,0
26,80000,Occasional,Quality,Lipstick,556,0
19,20000,Daily,Quality,Kajal,3717,0
29,20000,Occasional,Shade,Concealer,2021,0
20,120000,Daily,Shade,Blush,3716,1
20,40000,Occasional,Quality,Kajal,1723,0
18,40000,Daily,Price,Lipstick,1530,0
25,80000,Daily,Price,Foundation,1157,1
49,80000,Occasional,Quality,Concealer,3290,0
39,120000,Weekly,Price,Lipstick,1495,1
45,120000,Occasional,Shade,Blush,763,0
49,120000,Weekly,Price,Blush,569,1
46,20000,Daily,Price,Foundation,1544,0
25,120000,Occasional,Price,Foundation,3523,0
28,120000,Occasional,Quality,Concealer,2970,0
26,80000,Occasional,Shade,Concealer,1506,0
22,120000,Weekly,Price,Foundation,3770,1
31,20000,Weekly,Quality,Foundation,371,0
45,20000,Daily,Price,Blush,3789,0
47,80000,Weekly,Shade,Foundation,1606,1
20,120000,Weekly,Price,Kajal,2421,1
38,120000,Daily,Shade,Lipstick,2702,1
22,20000,Occasional,Price,Foundation,2050,0
22,120000,Occasional,Shade,Concealer,796,0
36,120000,Daily,Price,Kajal,3699,1
44,120000,Occasional,Shade,Concealer,1287,0
31,40000,Weekly,Price,Kajal,3906,0
43,80000,Daily,Price,Foundation,2927,1
47,40000,Daily,Quality,Lipstick,1209,0
21,80000,Daily,Quality,Concealer,3818,1
42,20000,Occasional,Shade,Kajal,672,0
30,120000,Daily,Price,Blush,661,1
27,80000,Daily,Shade,Foundation,2440,1
42,40000,Daily,Quality,Lipstick,1644,0
35,120000,Occasional,Shade,Foundation,623,0
25,20000,Weekly,Shade,Blush,2731,0
25,80000,Daily,Quality,Lipstick,874,1
24,80000,Weekly,Price,Blush,1035,1
25,80000,Occasional,Shade,Foundation,3084,0
31,120000,Occasional,Quality,Kajal,2693,0
49,40000,Occasional,Price,Foundation,3474,0
36,40000,Occasional,Quality,Foundation,3586,0
46,80000,Weekly,Shade,Foundation,1515,1
23,20000,Daily,Price,Concealer,1995,0
18,20000,Occasional,Price,Blush,2207,0
40,40000,Occasional,Quality,Blush,1018,0
48,20000,Weekly,Quality,Blush,1080,0
32,40000,Weekly,Quality,Concealer,1319,0
18,80000,Occasional,Price,Kajal,3565,0
42,40000,Daily,Price,Foundation,1703,0
34,40000,Daily,Shade,Kajal,1726,0
18,80000,Occasional,Price,Concealer,963,0
32,20000,Weekly,Shade,Blush,2072,0
40,40000,Occasional,Quality,Foundation,2947,0
19,40000,Occasional,Quality,Lipstick,310,0
31,80000,Weekly,Price,Lipstick,2534,1
38,20000,Occasional,Quality,Kajal,3073,0
25,40000,Occasional,Quality,Blush,1338,0
25,80000,Occasional,Price,Lipstick,3125,0
36,40000,Weekly,Shade,Kajal,3668,0
24,120000,Daily,Price,Concealer,2758,1
36,80000,Daily,Shade,Kajal,3303,1
23,20000,Weekly,Price,Kajal,884,0
23,20000,Daily,Price,Kajal,1375,0
20,20000,Occasional,Quality,Foundation,3399,0
24,20000,Daily,Price,Kajal,2924,0
36,40000,Occasional,Price,Kajal,3388,0
25,40000,Daily,Shade,Foundation,1674,0
27,20000,Weekly,Quality,Foundation,1751,0
49,20000,Daily,Shade,Concealer,2154,0
37,20000,Daily,Shade,Blush,3600,0
32,40000,Daily,Quality,Lipstick,2089,0
32,20000,Weekly,Quality,Lipstick,3336,0
46,20000,Daily,Quality,Kajal,3581,0
18,120000,Weekly,Price,Concealer,3802,1
37,120000,Occasional,Quality,Kajal,3665,0
47,20000,Daily,Quality,Lipstick,1042,0
24,80000,Weekly,Quality,Foundation,2076,1
44,20000,Weekly,Shade,Blush,3953,0
21,120000,Daily,Shade,Concealer,3475,1
46,80000,Occasional,Price,Foundation,503,0
23,80000,Weekly,Shade,Blush,1376,1
42,20000,Daily,Price,Concealer,1273,0
18,120000,Occasional,Shade,Concealer,3287,0
46,120000,Weekly,Quality,Lipstick,1698,1
22,80000,Weekly,Shade,Foundation,2165,1
44,20000,Occasional,Price,Concealer,3425,0
40,40000,Occasional,Shade,Concealer,1599,0
18,40000,Daily,Quality,Blush,3706,0
47,120000,Daily,Price,Lipstick,1354,1
21,40000,Weekly,Quality,Kajal,1458,0
39,120000,Occasional,Quality,Lipstick,3429,0
19,120000,Occasional,Price,Kajal,404,0
27,120000,Occasional,Quality,Foundation,3637,0
22,40000,Weekly,Quality,Foundation,3893,0
44,120000,Occasional,Shade,Concealer,3867,0
27,80000,Occasional,Quality,Foundation,552,0
18,20000,Weekly,Quality,Concealer,594,0
39,20000,Daily,Quality,Lipstick,3015,0
23,120000,Daily,Quality,Foundation,1481,1
30,20000,Weekly,Price,Lipstick,848,0
48,40000,Occasional,Shade,Lipstick,2978,0
32,40000,Weekly,Quality,Foundation,3438,0
21,20000,Daily,Quality,Lipstick,2077,0
30,40000,Daily,Price,Foundation,598,0
41,20000,Weekly,Quality,Foundation,3834,0
37,20000,Weekly,Price,Foundation,2048,0
41,20000,Daily,Shade,Kajal,2143,0
32,120000,Weekly,Shade,Lipstick,400,1
46,20000,Daily,Quality,Blush,3427,0
25,120000,Weekly,Quality,Foundation,2679,1
22,20000,Weekly,Quality,Lipstick,3183,0
46,20000,Weekly,Price,Concealer,2074,0
32,20000,Daily,Quality,Foundation,2740,0
21,40000,Weekly,Quality,Foundation,1173,0
29,120000,Daily,Shade,Blush,2728,1
30,120000,Daily,Quality,Kajal,391,1
19,20000,Weekly,Shade,Kajal,746,0
44,20000,Weekly,Quality,Foundation,408,0
48,40000,Daily,Shade,Lipstick,616,0
36,40000,Daily,Quality,Concealer,3539,0
36,40000,Occasional,Shade,Concealer,2135,0
21,120000,Daily,Price,Lipstick,2243,1
21,120000,Occasional,Shade,Foundation,1758,0
43,120000,Occasional,Shade,Concealer,741,0
28,20000,Occasional,Shade,Kajal,2565,0
44,120000,Weekly,Quality,Lipstick,1545,1
22,80000,Weekly,Quality,Blush,3020,1
37,80000,Daily,Quality,Foundation,1851,1
28,40000,Occasional,Price,Lipstick,577,0
47,120000,Weekly,Price,Concealer,3356,1
27,80000,Weekly,Shade,Foundation,868,1
25,40000,Weekly,Price,Kajal,3945,0
23,120000,Weekly,Shade,Foundation,1309,1
23,20000,Weekly,Shade,Foundation,3222,0
25,80000,Occasional,Shade,Kajal,2813,0
40,20000,Occasional,Price,Kajal,1138,0
32,120000,Occasional,Quality,Foundation,3101,0
43,80000,Occasional,Price,Kajal,3973,0
31,120000,Daily,Shade,Lipstick,1907,1
28,20000,Occasional,Shade,Kajal,3185,0
29,80000,Weekly,Price,Kajal,329,1
43,20000,Occasional,Shade,Foundation,2706,0
30,120000,Daily,Shade,Lipstick,2242,1
25,120000,Weekly,Price,Blush,3659,1
47,20000,Occasional,Price,Blush,2433,0
35,80000,Occasional,Price,Concealer,1557,0
42,20000,Occasional,Shade,Kajal,3094,0
18,120000,Weekly,Shade,Kajal,2660,1
32,20000,Weekly,Quality,Lipstick,664,0
25,120000,Daily,Quality,Blush,2100,1
45,20000,Weekly,Price,Concealer,2122,0
28,80000,Weekly,Quality,Lipstick,2162,1
29,80000,Occasional,Shade,Kajal,1204,0
29,20000,Weekly,Quality,Blush,3640,0
21,20000,Occasional,Shade,Concealer,997,0
33,80000,Occasional,Price,Foundation,2478,0
21,120000,Weekly,Price,Blush,3150,1
22,80000,Daily,Shade,Concealer,3136,1
41,120000,Daily,Quality,Lipstick,2155,1
22,20000,Weekly,Price,Foundation,650,0
25,20000,Daily,Price,Concealer,479,0
48,120000,Occasional,Quality,Concealer,1803,0
27,20000,Occasional,Quality,Kajal,1486,0
34,120000,Weekly,Shade,Blush,2106,1
45,40000,Daily,Quality,Kajal,3467,0
48,80000,Daily,Quality,Foundation,1073,1
43,40000,Occasional,Quality,Concealer,809,0
26,120000,Weekly,Shade,Kajal,664,1
39,80000,Daily,Shade,Blush,3328,1
36,120000,Weekly,Price,Foundation,652,1
46,80000,Daily,Shade,Lipstick,3147,1
31,80000,Occasional,Price,Kajal,3807,0
25,80000,Occasional,Quality,Foundation,1406,0
26,80000,Weekly,Price,Lipstick,1548,1
39,120000,Occasional,Price,Kajal,711,0
28,80000,Daily,Quality,Foundation,1034,1
40,80000,Occasional,Price,Foundation,3328,0
18,40000,Weekly,Shade,Kajal,417,0
31,20000,Weekly,Shade,Foundation,781,0
22,20000,Weekly,Shade,Concealer,491,0
38,40000,Daily,Shade,Kajal,2938,0
43,40000,Daily,Price,Foundation,2937,0
31,120000,Daily,Price,Lipstick,3006,1
21,120000,Daily,Quality,Lipstick,406,1
39,120000,Daily,Price,Concealer,681,1
40,40000,Occasional,Price,Kajal,1082,0
42,40000,Daily,Price,Foundation,2737,0
18,80000,Daily,Quality,Foundation,543,1
48,120000,Occasional,Shade,Lipstick,2932,0
39,120000,Daily,Price,Concealer,3216,1
40,120000,Weekly,Quality,Lipstick,767,1
36,20000,Daily,Quality,Lipstick,1165,0
25,80000,Daily,Quality,Concealer,3281,1
32,120000,Weekly,Shade,Kajal,1861,1
38,120000,Weekly,Price,Foundation,1533,1
32,120000,Weekly,Quality,Kajal,903,1
26,20000,Weekly,Shade,Blush,1960,0
38,20000,Daily,Quality,Blush,3362,0
26,40000,Weekly,Quality,Blush,1396,0
27,80000,Weekly,Quality,Concealer,2315,1
37,40000,Occasional,Quality,Lipstick,1958,0
42,80000,Weekly,Quality,Kajal,3680,1
38,20000,Weekly,Shade,Foundation,2033,0
43,120000,Occasional,Price,Blush,1913,0
26,40000,Occasional,Price,Kajal,1159,0
20,120000,Daily,Price,Blush,3557,1
48,40000,Occasional,Price,Blush,2179,0
37,20000,Daily,Shade,Foundation,1576,0
42,20000,Occasional,Shade,Concealer,312,0
43,20000,Occasional,Shade,Lipstick,2646,0
28,40000,Daily,Quality,Concealer,1399,0
23,80000,Occasional,Quality,Kajal,1374,0
19,40000,Daily,Quality,Concealer,1086,0
24,80000,Occasional,Price,Kajal,448,0
35,40000,Weekly,Quality,Kajal,2054,0
44,40000,Occasional,Price,Lipstick,2469,0
19,20000,Daily,Quality,Foundation,3582,0
44,120000,Occasional,Price,Lipstick,1603,0
34,120000,Daily,Quality,Concealer,2885,1
49,80000,Daily,Quality,Kajal,1479,1
28,120000,Weekly,Shade,Blush,3609,1
44,40000,Weekly,Quality,Blush,2723,0
29,40000,Daily,Quality,Kajal,381,0
44,20000,Occasional,Shade,Lipstick,791,0
36,20000,Daily,Price,Foundation,2703,0
39,120000,Daily,Shade,Lipstick,2325,1
41,80000,Occasional,Shade,Kajal,1224,0
42,120000,Occasional,Price,Kajal,1596,0
24,120000,Occasional,Quality,Foundation,1903,0
37,120000,Occasional,Price,Concealer,3415,0
23,120000,Daily,Quality,Concealer,3352,1
38,40000,Daily,Quality,Foundation,1896,0
41,80000,Weekly,Price,Concealer,422,1
18,40000,Daily,Shade,Blush,3720,0
34,80000,Occasional,Price,Concealer,1007,0
46,20000,Weekly,Quality,Concealer,2677,0
48,120000,Occasional,Price,Concealer,3780,0
28,40000,Daily,Price,Blush,1290,0
39,80000,Weekly,Quality,Concealer,2670,1
43,20000,Occasional,Shade,Blush,3482,0
45,20000,Weekly,Price,Foundation,3117,0
35,120000,Weekly,Quality,Lipstick,2340,1
38,80000,Daily,Quality,Foundation,3460,1
34,40000,Occasional,Price,Lipstick,2780,0
24,120000,Weekly,Shade,Foundation,1009,1
34,40000,Weekly,Price,Lipstick,1093,0
37,20000,Occasional,Shade,Lipstick,1011,0
26,40000,Weekly,Shade,Kajal,3470,0
34,40000,Weekly,Shade,Lipstick,2886,0
37,120000,Weekly,Shade,Lipstick,2948,1
39,40000,Occasional,Price,Kajal,3517,0
39,120000,Occasional,Quality,Concealer,2017,0
45,20000,Occasional,Quality,Concealer,556,0
48,120000,Occasional,Quality,Kajal,1512,0
46,120000,Daily,Quality,Blush,3611,1
25,80000,Weekly,Quality,Lipstick,1170,1
34,40000,Occasional,Quality,Lipstick,3246,0
24,20000,Weekly,Price,Kajal,3874,0
18,120000,Weekly,Shade,Kajal,2031,1
49,20000,Daily,Quality,Blush,1108,0
30,80000,Occasional,Price,Concealer,3024,0
47,40000,Occasional,Quality,Foundation,570,0
40,120000,Weekly,Quality,Concealer,1843,1
36,40000,Occasional,Shade,Lipstick,849,0
44,80000,Weekly,Shade,Kajal,1437,1
41,80000,Weekly,Shade,Blush,3710,1
36,20000,Daily,Quality,Concealer,867,0
47,120000,Daily,Quality,Blush,3333,1
49,20000,Daily,Quality,Concealer,658,0
47,80000,Weekly,Shade,Lipstick,1973,1
46,40000,Occasional,Price,Foundation,1937,0
34,20000,Daily,Quality,Blush,1657,0
30,20000,Occasional,Quality,Blush,2012,0
46,40000,Daily,Quality,Foundation,3540,0
47,20000,Daily,Price,Blush,1662,0
33,40000,Weekly,Quality,Blush,1097,0
25,120000,Daily,Price,Concealer,1584,1
36,40000,Daily,Quality,Concealer,1186,0
35,120000,Weekly,Price,Foundation,2058,1
18,40000,Occasional,Quality,Lipstick,1522,0
31,80000,Daily,Shade,Blush,2558,1
36,80000,Weekly,Shade,Lipstick,586,1
32,120000,Daily,Shade,Foundation,2015,1
35,120000,Weekly,Shade,Foundation,2085,1
19,80000,Occasional,Quality,Concealer,1042,0
39,120000,Occasional,Shade,Blush,3843,0
45,40000,Weekly,Price,Kajal,1805,0
34,40000,Weekly,Shade,Foundation,2340,0
35,80000,Weekly,Shade,Blush,1346,1
47,20000,Occasional,Shade,Lipstick,3931,0
23,40000,Daily,Quality,Concealer,3480,0
36,120000,Occasional,Shade,Lipstick,595,0
48,20000,Weekly,Price,Foundation,2353,0
21,20000,Weekly,Shade,Foundation,2897,0
18,40000,Occasional,Shade,Lipstick,980,0
25,40000,Weekly,Shade,Foundation,2191,0
46,20000,Occasional,Price,Blush,1094,0
40,20000,Weekly,Shade,Foundation,502,0
24,80000,Daily,Price,Concealer,624,1
20,120000,Daily,Price,Blush,3172,1
49,80000,Weekly,Shade,Kajal,2591,1
27,40000,Occasional,Price,Foundation,626,0
27,80000,Daily,Quality,Foundation,1286,1
36,80000,Occasional,Shade,Concealer,3418,0
31,80000,Weekly,Shade,Concealer,1060,1
19,80000,Occasional,Price,Lipstick,3962,0
45,120000,Daily,Price,Lipstick,3993,1
18,120000,Occasional,Shade,Lipstick,1336,0
40,20000,Occasional,Quality,Concealer,1206,0
40,40000,Weekly,Price,Lipstick,1703,0
45,80000,Weekly,Price,Lipstick,664,1
49,20000,Weekly,Quality,Kajal,3973,0
35,20000,Daily,Quality,Lipstick,3713,0
24,20000,Daily,Shade,Foundation,1544,0
46,120000,Weekly,Quality,Concealer,2420,1
25,80000,Weekly,Shade,Blush,1948,1
18,80000,Daily,Quality,Kajal,1369,1
42,40000,Daily,Price,Concealer,3875,0
40,80000,Daily,Shade,Concealer,573,1
20,80000,Daily,Shade,Foundation,3926,1
41,20000,Weekly,Shade,Lipstick,2555,0
40,40000,Daily,Quality,Foundation,2252,0
44,80000,Weekly,Price,Lipstick,2184,1
48,120000,Occasional,Shade,Lipstick,3986,0
46,80000,Occasional,Shade,Concealer,423,0
25,20000,Daily,Shade,Lipstick,3381,0
39,120000,Occasional,Shade,Kajal,1652,0
42,20000,Occasional,Price,Kajal,3558,0
32,80000,Occasional,Quality,Kajal,2890,0
22,120000,Daily,Price,Concealer,1991,1
20,40000,Daily,Shade,Foundation,2407,0
36,40000,Occasional,Price,Blush,3246,0
18,120000,Weekly,Shade,Lipstick,3233,1
45,120000,Occasional,Quality,Blush,3129,0
32,20000,Daily,Quality,Foundation,741,0
25,120000,Daily,Quality,Foundation,1540,1
19,20000,Daily,Shade,Concealer,1210,0
20,80000,Occasional,Price,Kajal,1325,0
49,20000,Weekly,Quality,Kajal,1859,0
41,120000,Daily,Shade,Foundation,2041,1
31,120000,Daily,Shade,Concealer,3179,1
49,80000,Occasional,Price,Concealer,3355,0
41,120000,Weekly,Quality,Lipstick,2034,1
31,120000,Occasional,Shade,Kajal,3727,0
28,40000,Daily,Price,Foundation,925,0
33,40000,Weekly,Quality,Blush,1990,0
21,80000,Weekly,Price,Kajal,3536,1
37,20000,Daily,Price,Lipstick,1297,0
22,40000,Weekly,Shade,Concealer,3081,0
39,20000,Weekly,Shade,Foundation,390,0
38,120000,Occasional,Shade,Kajal,2514,0
31,40000,Daily,Price,Blush,3306,0
48,80000,Daily,Shade,Lipstick,506,1
40,80000,Daily,Price,Lipstick,3653,1
33,80000,Daily,Price,Kajal,1388,1
35,40000,Daily,Shade,Blush,2211,0
24,20000,Weekly,Quality,Lipstick,815,0
27,120000,Occasional,Quality,Foundation,1480,0
24,20000,Daily,Quality,Lipstick,2092,0
18,20000,Occasional,Price,Blush,3094,0
40,120000,Occasional,Price,Concealer,2653,0
38,120000,Weekly,Price,Concealer,2201,1
36,40000,Daily,Shade,Kajal,2305,0
33,40000,Weekly,Price,Blush,694,0
46,40000,Daily,Shade,Lipstick,1397,0
36,40000,Weekly,Shade,Lipstick,486,0
21,40000,Occasional,Quality,Concealer,1897,0
46,120000,Daily,Quality,Concealer,3708,1
45,20000,Occasional,Quality,Foundation,1891,0
35,40000,Occasional,Shade,Concealer,2970,0
19,40000,Weekly,Shade,Foundation,1029,0
18,20000,Daily,Shade,Lipstick,539,0
32,40000,Occasional,Price,Foundation,2880,0
22,20000,Weekly,Shade,Foundation,440,0
37,20000,Daily,Quality,Kajal,3636,0
28,120000,Daily,Quality,Concealer,438,1
27,80000,Occasional,Shade,Foundation,2806,0
48,120000,Daily,Shade,Lipstick,369,1
19,80000,Occasional,Quality,Blush,684,0
20,80000,Daily,Shade,Foundation,929,1
40,80000,Weekly,Quality,Concealer,2545,1
40,40000,Occasional,Price,Kajal,504,0
29,120000,Occasional,Quality,Lipstick,2049,0
37,80000,Daily,Price,Kajal,867,1
22,20000,Daily,Shade,Blush,1281,0
22,40000,Occasional,Shade,Foundation,1104,0
23,120000,Daily,Price,Foundation,2010,1
49,80000,Weekly,Shade,Concealer,3206,1
47,20000,Daily,Price,Foundation,1181,0
26,120000,Weekly,Shade,Lipstick,2335,1
19,120000,Weekly,Quality,Blush,1273,1
38,40000,Weekly,Shade,Kajal,939,0
29,120000,Weekly,Quality,Blush,1754,1
20,40000,Weekly,Quality,Foundation,624,0
37,80000,Daily,Price,Kajal,741,1
43,40000,Weekly,Shade,Concealer,1103,0
39,20000,Daily,Price,Blush,2635,0
29,40000,Weekly,Shade,Kajal,525,0
41,20000,Occasional,Quality,Kajal,1387,0
34,40000,Weekly,Quality,Kajal,1266,0
27,120000,Occasional,Shade,Lipstick,3285,0
47,80000,Weekly,Shade,Blush,859,1
41,20000,Weekly,Price,Kajal,1013,0
44,40000,Weekly,Shade,Blush,797,0
31,40000,Occasional,Shade,Kajal,3196,0
40,40000,Occasional,Shade,Concealer,3273,0
49,120000,Weekly,Price,Concealer,2407,1
49,120000,Daily,Shade,Concealer,3768,1
34,20000,Weekly,Quality,Foundation,556,0
35,20000,Occasional,Price,Kajal,876,0
36,120000,Weekly,Price,Foundation,2586,1
34,20000,Occasional,Quality,Blush,337,0
31,80000,Occasional,Quality,Foundation,2372,0
26,80000,Occasional,Quality,Blush,709,0
25,120000,Weekly,Shade,Blush,760,1
19,20000,Occasional,Quality,Blush,3942,0
30,40000,Occasional,Shade,Foundation,3335,0
42,80000,Weekly,Price,Kajal,1740,1
24,120000,Occasional,Price,Foundation,2704,0
26,20000,Weekly,Quality,Kajal,682,0
39,120000,Occasional,Shade,Kajal,2132,0
39,40000,Daily,Quality,Blush,3529,0
28,80000,Daily,Quality,Foundation,868,1
31,120000,Occasional,Shade,Kajal,3804,0
21,120000,Daily,Quality,Concealer,1371,1
43,120000,Weekly,Price,Kajal,3699,1
43,40000,Daily,Quality,Concealer,732,0
46,120000,Occasional,Shade,Foundation,3802,0
30,40000,Occasional,Shade,Foundation,355,0
19,40000,Weekly,Price,Foundation,2924,0
40,40000,Occasional,Shade,Kajal,2615,0
22,80000,Weekly,Shade,Lipstick,2416,1
28,80000,Daily,Price,Kajal,2051,1
23,120000,Daily,Quality,Kajal,2347,1
35,120000,Weekly,Price,Blush,1201,1
49,80000,Weekly,Quality,Blush,1924,1
38,20000,Occasional,Price,Kajal,3820,0
27,80000,Daily,Quality,Concealer,3140,1
21,40000,Weekly,Price,Blush,556,0
26,80000,Daily,Quality,Kajal,971,1
23,40000,Weekly,Price,Lipstick,789,0
19,120000,Daily,Quality,Concealer,3093,1
34,20000,Occasional,Price,Foundation,2396,0
22,120000,Daily,Shade,Kajal,1982,1
42,40000,Daily,Quality,Kajal,615,0
23,40000,Daily,Price,Concealer,2760,0
43,40000,Daily,Quality,Blush,733,0
29,20000,Daily,Quality,Blush,1325,0
40,80000,Occasional,Price,Blush,2275,0
38,120000,Weekly,Quality,Foundation,3516,1
27,120000,Daily,Price,Concealer,2279,1
39,80000,Occasional,Shade,Concealer,1689,0
38,120000,Daily,Quality,Blush,719,1
44,20000,Daily,Shade,Blush,1896,0
42,120000,Weekly,Quality,Lipstick,1884,1
48,40000,Daily,Quality,Lipstick,1143,0
23,80000,Occasional,Quality,Kajal,1767,0
44,20000,Occasional,Price,Kajal,3263,0
25,80000,Weekly,Shade,Concealer,733,1
19,20000,Daily,Quality,Concealer,2990,0
29,40000,Occasional,Price,Foundation,1878,0
30,80000,Daily,Quality,Foundation,2404,1
42,120000,Daily,Price,Lipstick,3933,1
38,20000,Daily,Quality,Kajal,1263,0
24,80000,Weekly,Shade,Lipstick,1276,1
27,120000,Daily,Shade,Lipstick,3549,1
30,80000,Occasional,Quality,Kajal,3664,0
34,80000,Daily,Price,Foundation,345,1
43,80000,Occasional,Quality,Kajal,1493,0
38,20000,Daily,Price,Blush,3642,0
45,120000,Occasional,Quality,Blush,716,0
47,40000,Occasional,Price,Blush,1147,0
43,20000,Daily,Shade,Concealer,2486,0
31,20000,Daily,Quality,Foundation,546,0
49,20000,Occasional,Shade,Foundation,3519,0
19,40000,Weekly,Shade,Concealer,529,0
45,120000,Daily,Quality,Lipstick,1091,1
39,120000,Weekly,Quality,Blush,936,1
28,120000,Daily,Price,Blush,2721,1
18,80000,Daily,Price,Lipstick,3451,1
36,80000,Daily,Shade,Kajal,3977,1
38,80000,Daily,Price,Kajal,1037,1
21,40000,Weekly,Price,Foundation,1388,0
36,80000,Daily,Quality,Concealer,387,1
43,40000,Occasional,Price,Foundation,3459,0
46,120000,Occasional,Shade,Kajal,1012,0
38,80000,Weekly,Price,Lipstick,2049,1
28,80000,Daily,Shade,Foundation,1527,1
25,20000,Occasional,Quality,Blush,2236,0
28,40000,Weekly,Shade,Blush,1705,0
49,120000,Daily,Price,Lipstick,900,1
21,20000,Occasional,Quality,Kajal,1799,0
34,20000,Occasional,Price,Blush,3944,0
44,120000,Weekly,Quality,Blush,3977,1
24,20000,Daily,Quality,Concealer,2886,0
25,40000,Daily,Price,Foundation,513,0
20,40000,Occasional,Price,Kajal,2421,0
39,80000,Occasional,Quality,Foundation,2408,0
19,20000,Occasional,Quality,Kajal,997,0
40,80000,Daily,Price,Blush,3914,1
32,20000,Weekly,Shade,Concealer,1542,0
41,40000,Weekly,Price,Foundation,2359,0
39,40000,Daily,Quality,Blush,3161,0
39,40000,Weekly,Price,Kajal,3786,0
22,20000,Occasional,Shade,Foundation,2379,0
41,40000,Weekly,Price,Foundation,1483,0
18,20000,Weekly,Quality,Blush,1300,0
43,80000,Weekly,Price,Foundation,536,1
21,20000,Occasional,Quality,Concealer,1504,0
32,80000,Daily,Quality,Concealer,2905,1
37,20000,Occasional,Price,Blush,3712,0
36,80000,Daily,Quality,Kajal,1781,1
20,40000,Daily,Quality,Blush,1403,0
37,80000,Daily,Shade,Concealer,946,1
28,40000,Weekly,Shade,Lipstick,3334,0
34,40000,Weekly,Shade,Lipstick,3167,0
47,80000,Daily,Shade,Foundation,772,1
44,20000,Daily,Quality,Foundation,411,0
30,20000,Weekly,Price,Lipstick,3663,0
28,120000,Occasional,Quality,Concealer,2145,0
19,20000,Daily,Quality,Foundation,1954,0
26,120000,Occasional,Quality,Blush,682,0
43,20000,Weekly,Price,Blush,316,0
19,20000,Daily,Shade,Concealer,792,0
38,40000,Occasional,Quality,Foundation,3702,0
26,120000,Occasional,Quality,Blush,3273,0
26,20000,Occasional,Shade,Foundation,2196,0
25,120000,Weekly,Quality,Foundation,1809,1
34,40000,Weekly,Price,Blush,3777,0
18,40000,Occasional,Quality,Lipstick,416,0
42,120000,Occasional,Quality,Blush,1878,0
46,40000,Weekly,Shade,Concealer,1179,0
28,80000,Occasional,Quality,Kajal,2462,0
25,80000,Occasional,Quality,Blush,2118,0
27,40000,Weekly,Price,Foundation,1872,0
42,80000,Occasional,Shade,Foundation,3161,0
24,20000,Occasional,Shade,Blush,1948,0
20,120000,Occasional,Price,Kajal,3918,0
20,20000,Weekly,Quality,Blush,943,0
35,120000,Occasional,Shade,Kajal,1659,0
22,40000,Weekly,Shade,Kajal,635,0
29,20000,Weekly,Quality,Concealer,3269,0
29,40000,Daily,Quality,Foundation,446,0
36,40000,Daily,Shade,Foundation,421,0
47,120000,Occasional,Quality,Kajal,380,0
23,120000,Weekly,Shade,Foundation,3032,1
19,120000,Daily,Quality,Lipstick,3009,1
29,20000,Occasional,Quality,Kajal,2722,0
36,80000,Daily,Price,Foundation,3941,1
22,120000,Daily,Quality,Lipstick,2410,1
29,120000,Weekly,Price,Concealer,803,1
44,20000,Weekly,Quality,Foundation,967,0
44,120000,Daily,Shade,Lipstick,2796,1
34,20000,Daily,Shade,Blush,3799,0
46,40000,Weekly,Quality,Blush,3215,0
34,120000,Occasional,Quality,Lipstick,3798,0
27,120000,Weekly,Shade,Kajal,1744,1
42,40000,Daily,Quality,Kajal,1645,0
40,40000,Occasional,Price,Foundation,3027,0
34,40000,Daily,Price,Blush,1489,0
